{"Data":[{"A":"Person","B":"Haiku","C":"Haiku Formed","D":"Discord Name at Time","E":"Accidental?","F":"Channel","G":"Modified Main","H":"Date","I":"Order"},{"A":"Hank","B":"Haikus are easy. But sometimes they don't make sense. Refrigerator","C":"Haikus are easy.\r\n\r\nBut sometimes they don't make sense.\r\n\r\nRefrigerator","D":"Hank","E":"No","F":"Bot Commands","G":"No","H":"2019-03-28T04:00:00.000Z","I":1},{"A":"Adam","B":"are you kidding me. who the fuck threw that blue shell. i will fuck you up","C":"are you kidding me\r\n\r\nwho the fuck threw that blue shell\r\n\r\ni will fuck you up","D":"Adam","E":"No","F":"General","G":"No","H":"2019-03-28T04:00:00.000Z","I":2},{"A":"Sami","B":"Thanos is thicc boi. He is a major Daddy. Yeet me off a cliff","C":"Thanos is thicc boi.\r\n\r\nHe is a major Daddy.\r\n\r\nYeet me off a cliff","D":"Sami","E":"No","F":"Bot Commands","G":"No","H":"2019-03-28T04:00:00.000Z","I":3},{"A":"Sami","B":"wonderful bot boi. it has much potential, yes. a b c d e","C":"wonderful bot boi.\r\n\r\nit has much potential, yes.\r\n\r\na b c d e","D":"Sami","E":"No","F":"General","G":"No","H":"2019-03-28T04:00:00.000Z","I":4},{"A":"Sami","B":"forty five minutes. until something i dont know. time to not care now","C":"forty five minutes.\r\n\r\nuntil something i dont know.\r\n\r\ntime to not care now","D":"Sami","E":"No","F":"General","G":"No","H":"2019-03-28T04:00:00.000Z","I":5},{"A":"Shane","B":"what is this 'baba'? is baba something that's real? am i even real?","C":"what is this 'baba'?\r\n\r\nis baba something that's real?\r\n\r\nam i even real?","D":"LoyalTim","E":"No","F":"General","G":"No","H":"2019-03-28T04:00:00.000Z","I":6},{"A":"Shane","B":"Come all, gather here. Sami's in my trebuchet. A wonderful yeet!","C":"Come all, gather here.\r\n\r\nSami's in my trebuchet.\r\n\r\nA wonderful yeet!","D":"LoyalTim","E":"No","F":"Bot Commands","G":"Edited","H":"2019-03-28T04:00:00.000Z","I":7},{"A":"Sami","B":"Baba is the you. Baba is our overlord. We worship baba.","C":"Baba is the you.\r\n\r\nBaba is our overlord.\r\n\r\nWe worship baba.","D":"Sami","E":"No","F":"General","G":"No","H":"2019-03-28T04:00:00.000Z","I":8},{"A":"Jeremy","B":"Actually yes for the iPad. Problem was there was no internet","C":"Actually yes for\r\n\r\nthe iPad. Problem was there\r\n\r\nwas no internet","D":"Jeremy","E":"Yes","F":"General","G":"No","H":"2019-04-07T04:00:00.000Z","I":9},{"A":"Sami","B":"I had water and chicken for dinner with a side of seasoned fries","C":"I had water and\r\n\r\nchicken for dinner with a\r\n\r\nside of seasoned fries","D":"Kitten Moon","E":"No","F":"General","G":"No","H":"2019-04-07T04:00:00.000Z","I":10},{"A":"Hank","B":"Actually kinda. The car just barely fits in the spots at RS lot","C":"Actually kinda.\r\n\r\nThe car just barely fits in\r\n\r\nthe spots at RS lot","D":"Hank","E":"Yes","F":"Memes","G":"No","H":"2019-04-12T04:00:00.000Z","I":11},{"A":"Adam","B":"i already have an AWS instance running one for some other friends","C":"i already have\r\n\r\nan AWS instance running one\r\n\r\nfor some other friends","D":"Adam","E":"Yes","F":"General","G":"No","H":"2019-04-19T04:00:00.000Z","I":12},{"A":"Marcus","B":"its shut down rn until 1.14 comes out on tuesday though","C":"its shut down rn\r\n\r\nuntil 1.14 comes\r\n\r\nout on tuesday though","D":"Marcus","E":"Yes","F":"General","G":"No","H":"2019-04-19T04:00:00.000Z","I":13},{"A":"Hank","B":"I might have just ran sudo apt remove apt by accident. umm so","C":"I might have just ran\r\n\r\nsudo apt remove apt by\r\n\r\naccident. umm so","D":"Hank","E":"Yes","F":"General","G":"No","H":"2019-04-22T04:00:00.000Z","I":14},{"A":"Hank","B":"I will proboly just reinstal the os tonight. proboly easyer","C":"I will proboly\r\n\r\njust reinstal the os tonight.\r\n\r\nproboly easyer","D":"Hank","E":"Yes","F":"General","G":"No","H":"2019-04-22T04:00:00.000Z","I":15},{"A":"Marcus","B":"all of the 1st seed (people who did the best) teams got knocked out round 1","C":"all of the 1st seed\r\n\r\n(people who did the best) teams\r\n\r\ngot knocked out round 1","D":"Marcus","E":"Yes","F":"General","G":"No","H":"2019-04-25T04:00:00.000Z","I":16},{"A":"Evan","B":"@Marcus boiiiiiiiiiiiiiiii if you don't get your pickle chin ass back in here boi","C":"@Marcus boiiiiiiiiiiiiiiii if\r\n\r\nyou don't get your pickle chin\r\n\r\nass back in here boi","D":"Evan","E":"Yes","F":"General","G":"No","H":"2019-04-26T04:00:00.000Z","I":17},{"A":"Adam","B":"@Jeremy there's a strange man on you server i dont feel safe lol","C":"@Jeremy there's\r\n\r\na strange man on you server\r\n\r\ni dont feel safe lol","D":"Adam","E":"Yes","F":"Factorio/Minecraft","G":"No","H":"2019-04-27T04:00:00.000Z","I":18},{"A":"Daniel","B":"@Marcus Did you take all the nether wart out of the nether fort","C":"@Marcus Did you\r\n\r\ntake all the nether wart out\r\n\r\nof the nether fort","D":"Daniel","E":"Yes","F":"Factorio/Minecraft","G":"No","H":"2019-05-02T04:00:00.000Z","I":19},{"A":"Hank","B":"Uhhhh. Get a catch can and start to figure out where it is leaking from","C":"Uhhhh. Get a catch can\r\n\r\nand start to figure out where\r\n\r\nit is leaking from","D":"Hank","E":"Yes","F":"Car Stuff","G":"No","H":"2019-05-06T04:00:00.000Z","I":20},{"A":"Hank","B":"Also what are you doing in dc. Are you visiting Brenden","C":"Also what are you\r\n\r\ndoing in dc. Are you\r\n\r\nvisiting Brenden","D":"Hank","E":"Yes","F":"General","G":"No","H":"2019-05-19T04:00:00.000Z","I":21},{"A":"Hank","B":"@GTA5 who wauld be interested in a golf tournament","C":"@GTA5\r\n\r\nwho wauld be interested in\r\n\r\na golf tournament","D":"Hank","E":"Yes","F":"General","G":"No","H":"2019-06-03T04:00:00.000Z","I":22},{"A":"Andy","B":"You guys gotta try out destiny when it goes free in september","C":"You guys gotta try\r\n\r\nout destiny when it goes\r\n\r\nfree in september","D":"Andy","E":"Yes","F":"General","G":"No","H":"2019-06-06T04:00:00.000Z","I":23},{"A":"Marcus","B":"so were looking for an accordion and an l3/33","C":"so were looking for\r\n\r\nan accordion and an\r\n\r\nl3/33","D":"yoda gaming","E":"Yes","F":"Cool Things Sale","G":"No","H":"2019-06-07T04:00:00.000Z","I":24},{"A":"Andy","B":"I got cities a while ago but my small brain is holding me back","C":"I got cities a\r\n\r\nwhile ago but my small brain\r\n\r\nis holding me back","D":"Andy","E":"Yes","F":"General","G":"No","H":"2019-06-28T04:00:00.000Z","I":25},{"A":"Andy","B":"I have a ton of 92s so I should be able to sell some","C":"I have a ton of\r\n\r\n92s so I should be\r\n\r\nable to sell some","D":"Andy","E":"Yes","F":"General","G":"No","H":"2019-07-26T04:00:00.000Z","I":26},{"A":"Andy","B":"Thank you Ricardo for bringing such chaos to the economy","C":"Thank you Ricardo\r\n\r\nfor bringing such chaos to\r\n\r\nthe economy","D":"Andy","E":"Yes","F":"General","G":"No","H":"2019-07-26T04:00:00.000Z","I":27},{"A":"Adam","B":"I actually don't have time tonight I'll be down tomorrow tho","C":"I actually\r\n\r\ndon't have time tonight I'll be\r\n\r\ndown tomorrow tho","D":"Adam","E":"Yes","F":"General","G":"No","H":"2019-08-05T04:00:00.000Z","I":28},{"A":"Bob","B":"at least its a qwert keyboard and not that one that like, is split in half","C":"at least its a qwert\r\n\r\nkeyboard and not that one that\r\n\r\nlike, is split in half","D":"Bobalisious","E":"Yes","F":"General","G":"No","H":"2019-08-09T04:00:00.000Z","I":29},{"A":"Adam","B":"No I'm just stupid and don't know how to jump a car it works now lol","C":"No I'm just stupid\r\n\r\nand don't know how to jump a\r\n\r\ncar it works now lol","D":"Adam","E":"Yes","F":"General","G":"No","H":"2019-08-11T04:00:00.000Z","I":30},{"A":"Sami","B":"I never had her as a teacher but she was a English teacher","C":"I never had her\r\n\r\nas a teacher but she was\r\n\r\na English teacher","D":"Sami","E":"Yes","F":"General","G":"No","H":"2019-08-16T04:00:00.000Z","I":31},{"A":"Parker","B":"Actually I have homework I need to do, I'll join y'all later","C":"Actually I\r\n\r\nhave homework I need to do,\r\n\r\nI'll join y'all later","D":"Poni","E":"Yes","F":"Factorio/Minecraft","G":"No","H":"2019-08-24T04:00:00.000Z","I":32},{"A":"Jeremy","B":"I’m in agreement. Haiku bot is much more fun. But both are quite cool.","C":"’m in agreement.\r\n\r\nHaiku bot is much more fun.\r\n\r\nBut both are quite cool.","D":"Jeremy","E":"No","F":"General","G":"No","H":"2019-09-13T04:00:00.000Z","I":33},{"A":"Hank","B":"@Morkus the rock was not for the eagle. That rock was for Grandma.","C":"@Morkus the rock\r\n\r\nwas not for the eagle. That\r\n\r\nrock was for Grandma.","D":"Hank","E":"Yes","F":"General","G":"No","H":"2019-09-16T04:00:00.000Z","I":34},{"A":"Andy","B":"I guess the food I have isnt all that much, just a little burger","C":"I guess the food I\r\n\r\nhave isnt all that much, just\r\n\r\na little burger","D":"Andy","E":"Yes","F":"General","G":"No","H":"2019-09-29T04:00:00.000Z","I":35},{"A":"Adam","B":"So they decided to bring a chick fila tent in for lunch today","C":"So they decided\r\n\r\nto bring a chick fila tent\r\n\r\nin for lunch today","D":"🎃🕸🧟🧙𝕬𝖉𝖆𝖒🧛🦇🕸🎃","E":"Yes","F":"General","G":"No","H":"2019-10-11T04:00:00.000Z","I":36},{"A":"Jeremy","B":"You could easily markup to $7 a sandwich I bet","C":"You could easily\r\n\r\nmarkup to $7\r\n\r\na sandwich I bet","D":"🎃🕸J̴̓̕ẹ̵̀r̸̂́ē̵̂ḿ̷͑y̵̓̚🕸🎃","E":"Yes","F":"General","G":"No","H":"2019-10-11T04:00:00.000Z","I":37},{"A":"Marcus","B":"wait why do you need to paint the parking lot at the food court building","C":"wait why do you need\r\n\r\nto paint the parking lot at\r\n\r\nthe food court building","D":"Mͫ̄͂aͨ̋̋rͪͬ̈́c̋ͧ̾u̍̌ͤs͆̈́ͬ","E":"Yes","F":"General","G":"No","H":"2019-10-16T04:00:00.000Z","I":38},{"A":"James","B":"I like Lovecraft.  No one really appreciates the lore behind his works.","C":"I like Lovecraft. No\r\n\r\none really appreciates the\r\n\r\nlore behind his works.","D":"𝕵𝖆̈𝖌𝖊𝖗","E":"Yes","F":"General","G":"No","H":"2019-10-18T04:00:00.000Z","I":39},{"A":"Daniel","B":"Who needs conduit when you can use the building as a raceway","C":"Who needs conduit\r\n\r\nwhen you can use the building\r\n\r\nas a raceway","D":"🎃𝕯𝖆𝖓𝖎𝖊𝖑 🎃","E":"Yes","F":"General","G":"No","H":"2019-10-21T04:00:00.000Z","I":40},{"A":"Hank","B":"Isn't it going to be on the same chassis as the new ranger?","C":"Isn't it going\r\n\r\nto be on the same chassis\r\n\r\nas the new ranger?","D":"Hungry Hank Foundation","E":"Yes","F":"Car Stuff","G":"No","H":"2019-11-01T04:00:00.000Z","I":41},{"A":"Andy","B":"Korea has a Bison display and it calls the game Fortress 2","C":"Korea has a\r\n\r\nBison display and it calls\r\n\r\nthe game Fortress 2","D":"Andy","E":"Yes","F":"General","G":"No","H":"2019-11-11T04:00:00.000Z","I":42},{"A":"Adam","B":"Marcus can you send a screenshot of your armor and accessories","C":"Marcus can you send\r\n\r\na screenshot of your armor\r\n\r\nand accessories","D":"🦃🥧Band mom🥧🦃","E":"Yes","F":"Factorio/Minecraft","G":"No","H":"2019-11-25T04:00:00.000Z","I":43},{"A":"Jeremy","B":"Only the but left and don’t own a toaster but it’s trying it’s best.","C":"Only the but left\r\n\r\nand don’t own a toaster but\r\n\r\nit’s trying it’s best.","D":"❄Jeremy❄","E":"Yes","F":"General","G":"No","H":"2019-12-05T04:00:00.000Z","I":44},{"A":"Adam","B":"@GTA5 anybody wanna try this casino heist","C":"@GTA5\r\n\r\nanybody wanna try\r\n\r\nthis casino heist","D":"❄⛄🎄Band mom🎄⛄❄","E":"Yes","F":"General","G":"No","H":"2019-12-16T04:00:00.000Z","I":45},{"A":"Adam","B":"Anybody who watches the new Star wars is a shill for Disney","C":"Anybody who\r\n\r\nwatches the new Star wars is\r\n\r\na shill for Disney","D":"❄⛄🎄Band mom🎄⛄❄","E":"Yes","F":"General","G":"No","H":"2019-12-20T04:00:00.000Z","I":46},{"A":"Andy","B":"I saw a thing on that and the engineering on it is insane","C":"I saw a thing on\r\n\r\nthat and the engineering\r\n\r\non it is insane","D":"Andy","E":"Yes","F":"General","G":"No","H":"2019-12-26T04:00:00.000Z","I":47},{"A":"Daniel","B":"I'm at Disney so idk what you guys are doing tomorrow","C":"I'm at Disney so\r\n\r\nidk what you guys are\r\n\r\ndoing tomorrow","D":"Daniel🎄🎄","E":"Yes","F":"General","G":"No","H":"2019-12-27T04:00:00.000Z","I":48},{"A":"Joseph","B":"@wreckfest (hank make that a thing)  Race crash car game tomorrow evening???","C":"@wreckfest (hank make\r\n\r\nthat a thing) Race crash car game\r\n\r\ntomorrow evening???","D":"🎄𝓙𝓸𝓵𝓵𝔂 𝓙𝓸𝓼𝓮🎄","E":"Yes","F":"General","G":"No","H":"2019-12-29T04:00:00.000Z","I":49},{"A":"Yoat","B":"Everyone will be legally required to wear a fursuit","C":"Everyone will\r\n\r\nbe legally required\r\n\r\nto wear a fursuit","D":"EGGNOG ON THE FIELD","E":"Yes","F":"General","G":"No","H":"2020-01-01T04:00:00.000Z","I":50},{"A":"Yoat","B":"@❄Jeremy❄ the pathOwOgen will claim you eventually","C":"@❄Jeremy❄ the\r\n\r\npathOwOgen will claim you\r\n\r\neventually","D":"EGGNOG ON THE FIELD","E":"Yes","F":"General","G":"No","H":"2020-01-01T04:00:00.000Z","I":51},{"A":"Hank","B":"Do explain as I'm not familiar with what you are referring to.","C":"Do explain as I'm\r\n\r\nnot familiar with what you\r\n\r\nare referring to.","D":"Hank but like 2020","E":"Yes","F":"General","G":"No","H":"2020-01-02T04:00:00.000Z","I":52},{"A":"Hank","B":"Also these are the drives he probably though he had in that server","C":"Also these are the\r\n\r\ndrives he probably though he\r\n\r\nhad in that server","D":"Hank but like 2020","E":"Yes","F":"Memes","G":"No","H":"2020-01-05T04:00:00.000Z","I":53},{"A":"Marcus","B":"besides, that one is the least \"vape-mobile\" of any subaru","C":"besides, that one is\r\n\r\nthe least \"vape-mobile\" of\r\n\r\nany subaru","D":"bip bip lechuga","E":"Yes","F":"Car Stuff","G":"No","H":"2020-01-11T04:00:00.000Z","I":54},{"A":"Joseph","B":"Geez chill. It’s not like I want her to die. I think you’re over reacting.","C":"Geez chill. It’s not like\r\n\r\nI want her to die. I think\r\n\r\nyou’re over reacting.","D":"Jose, but like not hispanic","E":"Yes","F":"Cool Things Sale","G":"No","H":"2020-01-23T04:00:00.000Z","I":55},{"A":"Evan","B":"If y’all are showing up just lmk when you get here btw","C":"If y’all are showing\r\n\r\nup just lmk when you\r\n\r\nget here btw","D":"New Year New Meme","E":"Yes","F":"General","G":"No","H":"2020-01-26T04:00:00.000Z","I":56},{"A":"Parker","B":"Though if you get cheap eBay drives you might do it for $80","C":"Though if you get cheap\r\n\r\neBay drives you might do it\r\n\r\nfor $80","D":"Poni","E":"Yes","F":"General","G":"Deleted","H":"2020-02-02T04:00:00.000Z","I":57},{"A":"James","B":"Rejoice, for Band mom shall be returning unto us regularly.","C":"Rejoice, for Band mom\r\n\r\nshall be returning unto\r\n\r\nus regularly.","D":"𝕵𝖆𝖌𝖊𝖗","E":"Yes","F":"General","G":"No","H":"2020-02-03T04:00:00.000Z","I":58},{"A":"Adam","B":"Haiku is love and haiku is life haiku will bring both joy and strife","C":"Haiku is love and\r\n\r\nhaiku is life haiku will\r\n\r\nbring both joy and strife","D":"Band mom","E":"No","F":"General","G":"No","H":"2020-02-03T04:00:00.000Z","I":59},{"A":"Andy","B":"Like my thumb doesnt rest on the side buttons but can access easy","C":"Like my thumb doesnt\r\n\r\nrest on the side buttons but\r\n\r\ncan access easy","D":"Andy","E":"Yes","F":"General","G":"No","H":"2020-02-10T04:00:00.000Z","I":60},{"A":"Marcus","B":"doesnt help that those roads are basically half ice from what it looks like","C":"doesnt help that those\r\n\r\nroads are basically half ice\r\n\r\nfrom what it looks like","D":"bip bip lechuga","E":"Yes","F":"Memes","G":"No","H":"2020-02-12T04:00:00.000Z","I":61},{"A":"Sami","B":"abalabaloo gurgamungletoopelres rasmakinfaloo","C":"abalabaloo\r\n\r\ngurgamungletoopelres\r\n\r\nrasmakinfaloo","D":"𝓢𝓪𝓶𝓲 in 2020","E":"No","F":"Bot Commands","G":"No","H":"2020-02-21T04:00:00.000Z","I":62},{"A":"Sami","B":"abalabaloo gurgamungletoopelres rasmakinfaloo","C":"abalabaloo\r\n\r\ngurgamungletoopelres\r\n\r\nrasmakinfaloo","D":"𝓢𝓪𝓶𝓲 in 2020","E":"No","F":"Bot Commands","G":"No","H":"2020-02-21T04:00:00.000Z","I":62},{"A":"Jeremy","B":"No I think it's the high movement speed. I increased my FOV which helped some","C":"No I think it's the\r\n\r\nhigh movement speed. I increased\r\n\r\nmy FOV which helped some","D":"Jeremy","E":"Yes","F":"General","G":"No","H":"2020-02-25T04:00:00.000Z","I":63},{"A":"Hank","B":"I really need to try this. Do any of you have power washers","C":"I really need to\r\n\r\ntry this. Do any of you\r\n\r\nhave power washers","D":"Hank but like just hank","E":"Yes","F":"Memes","G":"No","H":"2020-03-03T04:00:00.000Z","I":64},{"A":"Hank","B":"True story he came down to the data center unannounced one day.","C":"True story he came\r\n\r\ndown to the data center\r\n\r\nunannounced one day.","D":"just Hank","E":"Yes","F":"General","G":"No","H":"2020-03-10T04:00:00.000Z","I":65},{"A":"Sami","B":"plus the trash in bed is actually food cartons WITH food in them still","C":"plus the trash in bed\r\n\r\nis actually food cartons\r\n\r\nWITH food in them still","D":"𝓢𝓲𝓻 𝓦𝓮𝓭𝓷𝓮𝓼𝓭𝓪𝔂","E":"Yes","F":"General","G":"No","H":"2020-03-10T04:00:00.000Z","I":66},{"A":"Daniel","B":"Should I drive up and get my stuff/desktop from dorm in boone Tomorrow","C":"Should I drive up and\r\n\r\nget my stuff/desktop from dorm\r\n\r\nin boone Tomorrow","D":"Daniel","E":"Yes","F":"General","G":"No","H":"2020-03-13T04:00:00.000Z","I":67},{"A":"Daniel","B":"I'll eat cereal before but we can stop where ever for youself","C":"I'll eat cereal\r\n\r\nbefore but we can stop where\r\n\r\never for youself","D":"Daniel","E":"Yes","F":"General","G":"No","H":"2020-03-13T04:00:00.000Z","I":68},{"A":"James","B":"I requested a connection with ye, Hank.  Where's your profile, Adam?","C":"I requested a\r\n\r\nconnection with ye, Hank. Where's\r\n\r\nyour profile, Adam?","D":"𝕵𝖆𝖌𝖊𝖗","E":"Yes","F":"General","G":"No","H":"2020-03-15T04:00:00.000Z","I":69},{"A":"Bob","B":"NCSU is cancelled for the rest of the semester, all online, rip dorms","C":"NCSU is cancelled for\r\n\r\nthe rest of the semester,\r\n\r\nall online, rip dorms","D":"Tired Bob","E":"Yes","F":"General","G":"No","H":"2020-03-17T04:00:00.000Z","I":70},{"A":"Hank","B":"there looks to be some repeats in there so will need to pick through it all","C":"there looks to be some\r\n\r\nrepeats in there so will need\r\n\r\nto pick through it all","D":"just Hank","E":"Yes","F":"General","G":"No","H":"2020-03-24T04:00:00.000Z","I":71},{"A":"Joseph","B":"Flash is insecure and poorly optimized, I’m not sad about it.","C":"Flash is insecure\r\n\r\nand poorly optimized, I’m\r\n\r\nnot sad about it.","D":"Jose, but like not hispanic","E":"Yes","F":"Memes","G":"No","H":"2020-03-27T04:00:00.000Z","I":72},{"A":"Hank","B":"Best part I had to hear that and say that in a serious meeting","C":"Best part I had to\r\n\r\nhear that and say that in a\r\n\r\nserious meeting","D":"just Hank","E":"Yes","F":"Memes","G":"No","H":"2020-03-29T04:00:00.000Z","I":73},{"A":"Andy","B":"That was a poggers fire, got to play cs the rest of the day","C":"That was a poggers\r\n\r\nfire, got to play cs\r\n\r\nthe rest of the day","D":"Andy","E":"Yes","F":"General","G":"No","H":"2020-04-07T04:00:00.000Z","I":74},{"A":"Jeremy","B":"I'm convinced. You and Hank definitely learned to spell from the same school","C":"I'm convinced. You and\r\n\r\nHank definitely learned to\r\n\r\nspell from the same school","D":"Jeremy","E":"Yes","F":"General","G":"No","H":"2020-04-19T04:00:00.000Z","I":75},{"A":"Sami","B":"now the question is, how easy is it to play using mouse/keyboard","C":"now the question is,\r\n\r\nhow easy is it to play\r\n\r\nusing mouse/keyboard","D":"𝓢𝓲𝓻 𝓦𝓮𝓭𝓷𝓮𝓼𝓭𝓪𝔂","E":"Yes","F":"General","G":"No","H":"2020-04-22T04:00:00.000Z","I":76},{"A":"Adam","B":"i'm gonna hop on for an hour once i'm done with this class at 2","C":"i'm gonna hop on\r\n\r\nfor an hour once i'm done\r\n\r\nwith this class at 2","D":"Band mom","E":"Yes","F":"General","G":"No","H":"2020-04-22T04:00:00.000Z","I":77},{"A":"Marcus","B":"i would get it but im poor and i'd rather put my money elsewhere","C":"i would get it but\r\n\r\nim poor and i'd rather put\r\n\r\nmy money elsewhere","D":"bip bip lechuga","E":"Yes","F":"General","G":"No","H":"2020-04-22T04:00:00.000Z","I":78},{"A":"Adam","B":"you could wait for the steam release, they'll probably have a sale then","C":"you could wait for the\r\n\r\nsteam release, they'll probably\r\n\r\nhave a sale then","D":"Band mom","E":"Yes","F":"General","G":"No","H":"2020-04-22T04:00:00.000Z","I":79},{"A":"Hank","B":"our research concludes that there is more virus where there is more people","C":"our research concludes\r\n\r\nthat there is more virus where\r\n\r\nthere is more people","D":"just Hank","E":"Yes","F":"Memes","G":"No","H":"2020-04-23T04:00:00.000Z","I":80},{"A":"Adam","B":"I spend money on tuition and by golly I'm gonna use it","C":"I spend money on\r\n\r\ntuition and by golly\r\n\r\nI'm gonna use it","D":"Band mom","E":"Yes","F":"General","G":"No","H":"2020-04-24T04:00:00.000Z","I":81},{"A":"Adam","B":"I'm pretty sure if we were good everyone would hate us lol","C":"I'm pretty sure if\r\n\r\nwe were good everyone\r\n\r\nwould hate us lol","D":"Band mom","E":"Yes","F":"General","G":"No","H":"2020-04-24T04:00:00.000Z","I":82},{"A":"Adam","B":"Or how many times you can encounter the same team and piss them off","C":"Or how many times\r\n\r\nyou can encounter the same\r\n\r\nteam and piss them off","D":"Band mom","E":"Yes","F":"General","G":"No","H":"2020-04-24T04:00:00.000Z","I":83},{"A":"KrafterJack","B":"I take it I'm one of the few here to never have touched tf2?","C":"I take it I'm one\r\n\r\nof the few here to never\r\n\r\nhave touched tf2?","D":"KrafterJack","E":"Yes","F":"General","G":"No","H":"2020-04-24T04:00:00.000Z","I":84},{"A":"Joseph","B":"Bruh, you've been here like 5 min and you're already trying to get banned","C":"Bruh, you've been here like\r\n\r\n5 min and you're already\r\n\r\ntrying to get banned","D":"Jose, but like not hispanic","E":"Yes","F":"General","G":"No","H":"2020-04-24T04:00:00.000Z","I":85},{"A":"Evan","B":"anyone else up to a bit of thievery with sammy and I?","C":"anyone else up\r\n\r\nto a bit of thievery\r\n\r\nwith sammy and I?","D":"Gamer Shamer","E":"Yes","F":"General","G":"No","H":"2020-04-28T04:00:00.000Z","I":86},{"A":"Marcus","B":"one ive seen every so often is a chocolate cherry coke cobbler","C":"one ive seen every\r\n\r\nso often is a chocolate\r\n\r\ncherry coke cobbler","D":"bip bip lechuga","E":"Yes","F":"Memes","G":"No","H":"2020-04-29T04:00:00.000Z","I":87},{"A":"Adam","B":"Caiden I am going to get Corona just so I can infect you","C":"Caiden I am going\r\n\r\nto get Corona just so\r\n\r\nI can infect you","D":"Band mom","E":"Yes","F":"Memes","G":"No","H":"2020-05-04T04:00:00.000Z","I":88},{"A":"Marcus","B":"im down assuming my current gpu is up for the challenge","C":"im down assuming\r\n\r\nmy current gpu is\r\n\r\nup for the challenge","D":"bip bip lechuga","E":"Yes","F":"General","G":"No","H":"2020-05-06T04:00:00.000Z","I":89},{"A":"Hank","B":"How about we have a lan party when we do the cobler meetup","C":"How about we have\r\n\r\na lan party when we do\r\n\r\nthe cobler meetup","D":"just Hank","E":"Yes","F":"General","G":"No","H":"2020-05-09T04:00:00.000Z","I":90},{"A":"Sami","B":"i am at my desk, and i dont move to my bed until ... 5am : )","C":"i am at my desk,\r\n\r\nand i dont move to my bed\r\n\r\nuntil ... 5am : )","D":"𝓢𝓲𝓻 𝓦𝓮𝓭𝓷𝓮𝓼𝓭𝓪𝔂","E":"Yes","F":"General","G":"No","H":"2020-05-09T04:00:00.000Z","I":91},{"A":"Marcus","B":"bruh all they wanna do is play half life alyx on their work hours","C":"bruh all they wanna\r\n\r\ndo is play half life alyx\r\n\r\non their work hours","D":"bip bip lechuga","E":"Yes","F":"General","G":"No","H":"2020-05-13T04:00:00.000Z","I":92},{"A":"Sami","B":"@Sea of Thieves late night tall tale run, feel free to join if you want","C":"@Sea of Thieves late\r\n\r\nnight tall tale run, feel free\r\n\r\nto join if you want","D":"𝓢𝓲𝓻 𝓦𝓮𝓭𝓷𝓮𝓼𝓭𝓪𝔂","E":"Yes","F":"General","G":"No","H":"2020-05-14T04:00:00.000Z","I":93},{"A":"Marcus","B":"theyre playing against pp_succ_96 and jigglynut65","C":"theyre playing against\r\n\r\npp_succ_96 and\r\n\r\njigglynut65","D":"bip bip lechuga","E":"Yes","F":"General","G":"No","H":"2020-05-14T04:00:00.000Z","I":94},{"A":"Sami","B":"i would be down to do a pirate fort/fleet if we get a full crew","C":"i would be down to\r\n\r\ndo a pirate fort/fleet if\r\n\r\nwe get a full crew","D":"𝓢𝓲𝓻 𝓦𝓮𝓭𝓷𝓮𝓼𝓭𝓪𝔂","E":"Yes","F":"General","G":"No","H":"2020-05-15T04:00:00.000Z","I":95},{"A":"Marcus","B":"theres 4(?) of us who have fh4 and 5(?) who have fh3","C":"theres 4(?) of us\r\n\r\nwho have fh4 and 5(?)\r\n\r\nwho have fh3","D":"bip bip lechuga","E":"Yes","F":"General","G":"No","H":"2020-05-19T04:00:00.000Z","I":96},{"A":"Andy","B":"Oh no, you'd have to click on a different app to play games with your friends","C":"Oh no, you'd have to\r\n\r\nclick on a different app to\r\n\r\nplay games with your friends","D":"Andy","E":"Yes","F":"General","G":"No","H":"2020-05-22T04:00:00.000Z","I":97},{"A":"Shane","B":"remember kids, the only way to own something is to pirate it","C":"remember kids, the\r\n\r\nonly way to own something\r\n\r\nis to pirate it","D":"LoyalTim","E":"Yes","F":"General","G":"No","H":"2020-05-22T04:00:00.000Z","I":98},{"A":"Shane","B":"any lights? i tried growing rosemary in a box but it died","C":"any lights? i tried\r\n\r\ngrowing rosemary in\r\n\r\na box but it died","D":"LoyalTim","E":"Yes","F":"General","G":"No","H":"2020-05-25T04:00:00.000Z","I":99},{"A":"Bob","B":"ive played it enough but the 20$ for mods is what i need","C":"ive played it enough\r\n\r\nbut the 20$ for\r\n\r\nmods is what i need","D":"Bobalisious","E":"Yes","F":"General","G":"No","H":"2020-05-29T04:00:00.000Z","I":100},{"A":"Hank","B":"So. When the coal plant is online. What is our peak power production","C":"So. When the coal plant\r\n\r\nis online. What is our peak\r\n\r\npower production","D":"just Hank","E":"Yes","F":"Factorio/Minecraft","G":"No","H":"2020-05-31T04:00:00.000Z","I":101},{"A":"Hank","B":"also project clone wars is back on. atleast for the easy seasons","C":"also project clone\r\n\r\nwars is back on. atleast for\r\n\r\nthe easy seasons","D":"just Hank","E":"Yes","F":"Memes","G":"No","H":"2020-06-05T04:00:00.000Z","I":102},{"A":"Parker","B":"you need fire, its the only thing that can kill the super spawner","C":"you need fire, its\r\n\r\nthe only thing that can kill\r\n\r\nthe super spawner","D":"Poni","E":"Yes","F":"Factorio/Minecraft","G":"No","H":"2020-06-10T04:00:00.000Z","I":103},{"A":"Bob","B":"flamethrowers are best cuz its an excuse to sing ring of fire","C":"flamethrowers are\r\n\r\nbest cuz its an excuse to\r\n\r\nsing ring of fire","D":"Bobalisious","E":"Yes","F":"Factorio/Minecraft","G":"No","H":"2020-06-10T04:00:00.000Z","I":104},{"A":"Bob","B":"i am a poet. it's snowing on mount fuji. join my onlyfans","C":"i am a poet\r\n\r\nit's snowing on mount fuji\r\n\r\njoin my onlyfans","D":"Bobalisious","E":"No","F":"Factorio/Minecraft","G":"No","H":"2020-06-10T04:00:00.000Z","I":105},{"A":"Hank","B":"Violence is not the answer. It is the question. The answer is yes.","C":"Violence is not the\r\n\r\nanswer. It is the question.\r\n\r\nThe answer is yes.","D":"Just Hank","E":"No","F":"Memes","G":"No","H":"2020-06-13T04:00:00.000Z","I":106},{"A":"Sami","B":"as i am sure they still are evolving, but are defenses are not","C":"as i am sure they\r\n\r\nstill are evolving, but are\r\n\r\ndefenses are not","D":"𝓒𝓪𝓹𝓲𝓽𝓪𝓷 𝓦𝓮𝓭𝓷𝓮𝓼𝓭𝓪","E":"Yes","F":"Factorio/Minecraft","G":"No","H":"2020-06-14T04:00:00.000Z","I":107},{"A":"Bob","B":"unless the map is opaque red, youre not making enough pollution","C":"unless the map is\r\n\r\nopaque red, youre not making\r\n\r\nenough pollution","D":"Bobalisious","E":"Yes","F":"Factorio/Minecraft","G":"No","H":"2020-06-21T04:00:00.000Z","I":108},{"A":"Sami","B":"odd, when downloading map after desync the size is 3 times bigger","C":"odd, when downloading\r\n\r\nmap after desync the size\r\n\r\nis 3 times bigger","D":"𝓒𝓪𝓹𝓲𝓽𝓪𝓷 𝓦𝓮𝓭𝓷𝓮𝓼𝓭𝓪","E":"Yes","F":"Factorio/Minecraft","G":"No","H":"2020-06-24T04:00:00.000Z","I":109},{"A":"Sami","B":"i got back in fine, so idk if restart needed atm","C":"i got back in fine,\r\n\r\nso idk if restart\r\n\r\nneeded atm","D":"𝓒𝓪𝓹𝓲𝓽𝓪𝓷 𝓦𝓮𝓭𝓷𝓮𝓼𝓭𝓪","E":"Yes","F":"Factorio/Minecraft","G":"No","H":"2020-06-24T04:00:00.000Z","I":110},{"A":"Sami","B":"best way to stress test the factory: upgrade all the belts/inserters","C":"best way to stress test\r\n\r\nthe factory: upgrade all\r\n\r\nthe belts/inserters","D":"𝓒𝓪𝓹𝓲𝓽𝓪𝓷 𝓦𝓮𝓭𝓷𝓮𝓼𝓭𝓪","E":"Yes","F":"Factorio/Minecraft","G":"No","H":"2020-06-28T04:00:00.000Z","I":111},{"A":"Joseph","B":"Ah I work tonight but I accept your challenge. I’m off tomorrow.","C":"Ah I work tonight\r\n\r\nbut I accept your challenge.\r\n\r\nI’m off tomorrow.","D":"Jose, but like not hispanic","E":"Yes","F":"Memes","G":"No","H":"2020-07-01T04:00:00.000Z","I":112},{"A":"Marcus","B":"ive done enough death marching to fill 3 philmont trips, lets not do that","C":"ive done enough death\r\n\r\nmarching to fill 3 philmont\r\n\r\ntrips, lets not do that","D":"bip bip lechuga","E":"Yes","F":"General","G":"No","H":"2020-07-12T04:00:00.000Z","I":113},{"A":"Hank","B":"Is it time to start buying yet. Or should I wait a little longer","C":"Is it time to start\r\n\r\nbuying yet. Or should I wait\r\n\r\na little longer","D":"Just Hank","E":"Yes","F":"General","G":"No","H":"2020-07-24T04:00:00.000Z","I":114},{"A":"Andy","B":"Remember when the TF2 economy was stronger than Greece's","C":"Remember when the\r\n\r\nTF2 economy\r\n\r\nwas stronger than Greece's","D":"Andy","E":"Yes","F":"General","G":"No","H":"2020-07-26T04:00:00.000Z","I":115},{"A":"Hank","B":"Made some popcorn and melted chocolate for it. Time to see if it worked","C":"Made some popcorn and\r\n\r\nmelted chocolate for it. Time\r\n\r\nto see if it worked","D":"Just Hank","E":"Yes","F":"General","G":"No","H":"2020-07-30T04:00:00.000Z","I":116},{"A":"Joseph","B":"Going to boone for the weekend first, driving up to PA on Monday","C":"Going to boone for\r\n\r\nthe weekend first, driving up\r\n\r\nto PA on Monday","D":"Hatless Jose","E":"Yes","F":"General","G":"No","H":"2020-08-12T04:00:00.000Z","I":117},{"A":"Sami","B":"just imagine if it was on all slides like it originally was","C":"just imagine if\r\n\r\nit was on all slides like it\r\n\r\noriginally was","D":"𝒜 𝒞𝑒𝓇𝓉𝒶𝒾𝓃 𝒮𝒸𝒾𝑒𝓃𝓉𝒾𝒻𝒾𝒸 𝒲𝑒𝒹𝓃𝑒𝓈𝒹𝒶𝓎","E":"Yes","F":"Memes","G":"No","H":"2020-08-16T04:00:00.000Z","I":118},{"A":"Sami","B":"write about how you run an evil overlord who controls peoples","C":"write about how you\r\n\r\nrun an evil overlord\r\n\r\nwho controls peoples","D":"𝒜 𝒞𝑒𝓇𝓉𝒶𝒾𝓃 𝒮𝒸𝒾𝑒𝓃𝓉𝒾𝒻𝒾𝒸 𝒲𝑒𝒹𝓃𝑒𝓈𝒹𝒶𝓎","E":"Yes","F":"General","G":"No","H":"2020-08-17T04:00:00.000Z","I":119},{"A":"Adam","B":"The nearest Jersey Mike's to me is literally in another state","C":"The nearest Jersey\r\n\r\nMike's time is literally\r\n\r\nin another state","D":"Band mom","E":"Yes","F":"Memes","G":"No","H":"2020-08-18T04:00:00.000Z","I":120},{"A":"Hank","B":"Ohio is fake. Just like Australia. Stop believing the lies","C":"Ohio is fake.\r\n\r\nJust like Australia. Stop\r\n\r\nbelieving the lies","D":"Just Hank","E":"Yes","F":"Memes","G":"No","H":"2020-08-18T04:00:00.000Z","I":121},{"A":"Shane","B":"wonder how much of this stuff is launch pains and how much will stick around","C":"wonder how much of\r\n\r\nthis stuff is launch pains and how\r\n\r\nmuch will stick around","D":"LoyalTim","E":"Yes","F":"General","G":"No","H":"2020-08-18T04:00:00.000Z","I":122},{"A":"Jeremy","B":"Today is the day. It’s Thursday the 20th. From that one simpsons.","C":"Today is the day.\r\n\r\nIt’s Thursday the 20th.\r\n\r\nFrom that one simpsons.","D":"Jeremy","E":"No","F":"General","G":"No","H":"2020-08-20T04:00:00.000Z","I":123},{"A":"Hank","B":"true. but if he dies I can get a bonus for prisoner intake.","C":"true. but if he dies\r\n\r\nI can get a bonus for\r\n\r\nprisoner intake.","D":"Just Hank","E":"Yes","F":"Memes","G":"No","H":"2020-08-22T04:00:00.000Z","I":124},{"A":"Hank","B":"its literally the same thing as everyone is in the channel.","C":"its literally\r\n\r\nthe same thing as everyone\r\n\r\nis in the channel.","D":"Just Hank","E":"Yes","F":"General","G":"No","H":"2020-09-01T04:00:00.000Z","I":125},{"A":"Hank","B":"that last one is mid engine and has 3 wheels. its a poor mans slingshot","C":"that last one is mid\r\n\r\nengine and has 3 wheels. its\r\n\r\na poor mans slingshot","D":"Just Hank","E":"Yes","F":"Car Stuff","G":"No","H":"2020-09-01T04:00:00.000Z","I":126},{"A":"Joseph","B":"@Among Us might be late, but I should be there for some murder time","C":"@Among Us might\r\n\r\nbe late, but I should be there\r\n\r\nfor some murder time","D":"Busn't Jose","E":"Yes","F":"General","G":"No","H":"2020-09-09T04:00:00.000Z","I":127},{"A":"Hank","B":"@sea nile Grandpa Hank add me to Among Us role, @Daniel Done","C":"@sea nile Grandpa\r\n\r\nHank add me to Among Us\r\n\r\nrole @Daniel Done","D":"sea nile Grandpa Hank","E":"Yes","F":"General","G":"No","H":"2020-09-16T04:00:00.000Z","I":128},{"A":"Joseph","B":"Legen Sie den Stift auf das Papier und machen Sie sich an die Arbeit.","C":"Legen Sie den Stift\r\n\r\nauf das Papier und machen Sie\r\n\r\nsich an die Arbeit.","D":"Jose Hound","E":"No","F":"General","G":"No","H":"2020-09-16T04:00:00.000Z","I":129},{"A":"Joseph","B":"Legen Sie den Stift auf das Papier und machen Sie sich an die Arbeit.","C":"Legen Sie den Stift\r\n\r\nauf das Papier und machen Sie\r\n\r\nsich an die Arbeit.","D":"Jose Hound","E":"No","F":"General","G":"No","H":"2020-09-16T04:00:00.000Z","I":129},{"A":"Hank","B":"I for real didn't realize that writhing is not writing. lol.","C":"I for real didn't\r\n\r\nrealize that writhing is not\r\n\r\nwriting. lol.","D":"sea nile Grandpa Hank","E":"Yes","F":"General","G":"No","H":"2020-09-16T04:00:00.000Z","I":130},{"A":"Sami","B":"almost 100 cases in boone now, when we going full online : |","C":"almost 100\r\n\r\ncases in boone now, when we\r\n\r\ngoing full online : |","D":"𝒜 𝒞𝑒𝓇𝓉𝒶𝒾𝓃 𝒮𝒸𝒾𝑒𝓃𝓉𝒾𝒻𝒾𝒸 𝒲𝑒𝒹𝓃𝑒𝓈𝒹𝒶𝓎","E":"Yes","F":"General","G":"No","H":"2020-09-18T04:00:00.000Z","I":131},{"A":"Sami","B":"\"//not shure what this does but it was in jeremy's code so\" great comment","C":"\"//not shure what this does\r\n\r\nbut it was in jeremy's\r\n\r\ncode so\" great comment","D":"𝒜 𝒞𝑒𝓇𝓉𝒶𝒾𝓃 𝒮𝒸𝒾𝑒𝓃𝓉𝒾𝒻𝒾𝒸 𝒲𝑒𝒹𝓃𝑒𝓈𝒹𝒶𝓎","E":"Yes","F":"Memes","G":"No","H":"2020-09-18T04:00:00.000Z","I":132},{"A":"Bob","B":"ive only got a few hundred, all the rest are in space engineers","C":"ive only got a\r\n\r\nfew hundred, all the rest are\r\n\r\nin space engineers","D":"Bobalisious","E":"Yes","F":"General","G":"No","H":"2020-09-22T04:00:00.000Z","I":133},{"A":"Sami","B":"hank needs to add that game file to his website with the \"hank was here\"","C":"hank needs to add that\r\n\r\ngame file to his website\r\n\r\nwith the \"hank was here\"","D":"𝒜 𝒞𝑒𝓇𝓉𝒶𝒾𝓃 𝒮𝒸𝒾𝑒𝓃𝓉𝒾𝒻𝒾𝒸 𝒲𝑒𝒹𝓃𝑒𝓈𝒹𝒶𝓎","E":"Yes","F":"General","G":"No","H":"2020-09-24T04:00:00.000Z","I":134},{"A":"Bob","B":"plz no angels/bobs idk how they work and never played with em","C":"plz no angels/bobs\r\n\r\nidk how they work and\r\n\r\nnever played with em","D":"Bobalisious","E":"Yes","F":"Factorio/Minecraft","G":"No","H":"2020-09-24T04:00:00.000Z","I":135},{"A":"Hank","B":"I think if you send me the map file it will auto download mods.","C":"I think if you send\r\n\r\nme the map file it will\r\n\r\nauto download mods.","D":"Hank","E":"Yes","F":"Factorio/Minecraft","G":"No","H":"2020-09-24T04:00:00.000Z","I":136},{"A":"Sami","B":"put all the items into a random number gen and pick from there?","C":"put all the items\r\n\r\ninto a random number\r\n\r\ngen and pick from there?","D":"𝒜 𝒞𝑒𝓇𝓉𝒶𝒾𝓃 𝒮𝒸𝒾𝑒𝓃𝓉𝒾𝒻𝒾𝒸 𝒲𝑒𝒹𝓃𝑒𝓈𝒹𝒶𝓎","E":"Yes","F":"TF2 RP","G":"No","H":"2020-09-25T04:00:00.000Z","I":137},{"A":"Joseph","B":"I'm takin sweet and sour, because its sweet and sour, just like me","C":"I'm takin sweet and\r\n\r\nsour, because its sweet and\r\n\r\nsour, just like me","D":"Jose","E":"Yes","F":"TF2 RP","G":"No","H":"2020-09-25T04:00:00.000Z","I":138},{"A":"Shane","B":"it's a meme how are you producing quality content out of it","C":"it's a meme how are\r\n\r\nyou producing quality\r\n\r\ncontent out of it","D":"Shane - LoyalTim","E":"Yes","F":"2020 Holidays","G":"No","H":"2020-10-02T04:00:00.000Z","I":139},{"A":"Andy","B":"All hank does is turn server off and then back on, eat hot chip, and die","C":"All hank does is turn\r\n\r\nserver off and then back on,\r\n\r\neat hot chip, and die","D":"Andy","E":"Yes","F":"General","G":"No","H":"2020-10-05T04:00:00.000Z","I":140},{"A":"Hank","B":"i just wanted to say that i just got rick rolled by a screen saver","C":"i just wanted to\r\n\r\nsay that i just got rick rolled\r\n\r\nby a screen saver","D":"🎃𝓗𝓪𝓷𝓴🎃","E":"Yes","F":"Memes","G":"No","H":"2020-10-07T04:00:00.000Z","I":141},{"A":"Marcus","B":"are you implying we all buy one and wear them on the winter road trip?","C":"are you implying we\r\n\r\nall buy one and wear them on\r\n\r\nthe winter road trip?","D":"S P O O K Y   M A R C U S","E":"Yes","F":"Cool Things Sale","G":"No","H":"2020-10-14T04:00:00.000Z","I":142},{"A":"Joseph","B":"@Band mom If you get masks, I'll grab a couple and help bring it down.","C":"@Band mom If you\r\n\r\nget masks, I'll grab a couple\r\n\r\nand help bring it down.","D":"👻 𝕊𝕡𝕠𝕠𝕜𝕖𝕕 𝕁𝕠𝕤𝕖𝕡𝕙 👻","E":"Yes","F":"Cool Things Sale","G":"No","H":"2020-10-14T04:00:00.000Z","I":143},{"A":"Hank","B":"the only reason i own 2 already is because they where free.","C":"the only reason\r\n\r\ni own 2 already is\r\n\r\nbecause they where free.","D":"🎃𝓗𝓪𝓷𝓴🎃","E":"Yes","F":"General","G":"No","H":"2020-10-16T04:00:00.000Z","I":144},{"A":"Hank","B":"and the topre section would cost more that the rest of the keyboard combined.","C":"and the topre section\r\n\r\nwould cost more that the rest of\r\n\r\nthe keyboard combined.","D":"🎃𝓗𝓪𝓷𝓴🎃","E":"Yes","F":"General","G":"No","H":"2020-10-16T04:00:00.000Z","I":145},{"A":"Joseph","B":"1. How does this work. 2. It had one response then changed to another.","C":"1. How does this work.\r\n\r\n2. It had one response then\r\n\r\nchanged to another.","D":"👻 𝕊𝕡𝕠𝕠𝕜𝕖𝕕 𝕁𝕠𝕤𝕖𝕡𝕙 👻","E":"Yes","F":"Trick or Treat","G":"No","H":"2020-10-19T04:00:00.000Z","I":146},{"A":"Andy","B":"Pretty good chance he went to ncsu or more likely like mit or some shit","C":"Pretty good chance he\r\n\r\nwent to ncsu or more likely\r\n\r\nlike mit or some shit","D":"Andy","E":"Yes","F":"General","G":"No","H":"2020-10-19T04:00:00.000Z","I":147},{"A":"Bob","B":"just get a crappy lenovo keyboard from a dumpster and use that","C":"just get a crappy\r\n\r\nlenovo keyboard from a\r\n\r\ndumpster and use that","D":"🎃BOOalisious🎃","E":"Yes","F":"General","G":"No","H":"2020-10-19T04:00:00.000Z","I":148},{"A":"Daniel","B":"The only thing I Judge is you watching stuff at 2.5x speed","C":"The only thing I\r\n\r\nJudge is you watching stuff at\r\n\r\n2.5x speed","D":"🎃Daniel🎃","E":"Yes","F":"General","G":"No","H":"2020-10-19T04:00:00.000Z","I":149},{"A":"Joseph","B":"ah so no, you can't just post both as a block or in quick succession","C":"ah so no, you can't\r\n\r\njust post both as a block or\r\n\r\nin quick succession","D":"👻 𝕊𝕡𝕠𝕠𝕜𝕖𝕕 𝕁𝕠𝕤𝕖𝕡𝕙 👻","E":"Yes","F":"Trick or Treat","G":"No","H":"2020-10-19T04:00:00.000Z","I":150},{"A":"Joseph","B":"hank if you do both to be fast and the wrong one is first it won't work","C":"hank if you do both\r\n\r\nto be fast and the wrong one\r\n\r\nis first it won't work","D":"👻 𝕊𝕡𝕠𝕠𝕜𝕖𝕕 𝕁𝕠𝕤𝕖𝕡𝕙 👻","E":"Yes","F":"Trick or Treat","G":"No","H":"2020-10-19T04:00:00.000Z","I":151},{"A":"Joseph","B":"Just lock the channel from EVERYONE every night at a certain time.","C":"Just lock the channel\r\n\r\nfrom EVERYONE every night\r\n\r\nat a certain time.","D":"👻 𝕊𝕡𝕠𝕠𝕜𝕖𝕕 𝕁𝕠𝕤𝕖𝕡𝕙 👻","E":"Yes","F":"Trick or Treat","G":"No","H":"2020-10-19T04:00:00.000Z","I":152},{"A":"Caden","B":"Actually, I'll give the information for free cus it brings joy","C":"Actually, I'll\r\n\r\ngive the information for\r\n\r\nfree cus it brings joy","D":"Caiden (spooky idiot face)","E":"Yes","F":"General","G":"No","H":"2020-10-26T04:00:00.000Z","I":153},{"A":"Shane","B":"how long has it been Glorious Trompet Land and i didn't notice","C":"how long has it been\r\n\r\nGlorious Trompet Land and\r\n\r\ni didn't notice","D":"Shane - LoyalTim","E":"Yes","F":"General","G":"No","H":"2020-11-03T04:00:00.000Z","I":154},{"A":"Sami","B":"there be an agro creature on my planet that is terrifying","C":"there be an agro\r\n\r\ncreature on my planet that\r\n\r\nis terrifying","D":"🦃𝒜 𝒞𝑒𝓇𝓉𝒶𝒾𝓃 𝒯𝓊𝓇𝓀𝓊𝓇𝒾𝒻𝒾𝒸 𝒲𝑒𝒹𝓃𝑒𝓈𝒹𝒶𝓎","E":"Yes","F":"General","G":"No","H":"2020-11-03T04:00:00.000Z","I":155},{"A":"Bob","B":"you stab em we slab em, this is bob how can i be of assistance","C":"you stab em we slab\r\n\r\nem, this is bob how can i\r\n\r\nbe of assistance","D":"Bobalisious","E":"Yes","F":"Memes","G":"No","H":"2020-11-05T04:00:00.000Z","I":156},{"A":"James","B":"Probably gonna need to re-roll Joe, though.  That's pretty abysmal.","C":"Probably gonna\r\n\r\nneed to re-roll Joe, though. That's\r\n\r\npretty abysmal.","D":"𝕵𝖆𝖌𝖊𝖗","E":"Yes","F":"Memes","G":"No","H":"2020-11-08T04:00:00.000Z","I":157},{"A":"Joseph","B":"@Festive marcus is there like a schedule or facebook group for these?","C":"@Festive marcus\r\n\r\nis there like a schedule or\r\n\r\nfacebook group for these?","D":"🦃𝓙𝓸𝓼𝓮 𝓽𝓱𝓮 𝓣𝓱𝓪𝓷𝓴𝓯𝓾𝓵","E":"Yes","F":"Car Stuff","G":"No","H":"2020-11-08T04:00:00.000Z","I":158},{"A":"Adam","B":"it actually hasn't been done before as far as we could find","C":"it actually\r\n\r\nhasn't been done before as\r\n\r\nfar as we could find","D":"Band mom","E":"Yes","F":"General","G":"No","H":"2020-11-16T04:00:00.000Z","I":159},{"A":"Adam","B":"It looks like someone was struggling with their WiFi near me lol","C":"It looks like someone\r\n\r\nwas struggling with their WiFi\r\n\r\nnear me lol","D":"Band mom","E":"Yes","F":"Memes","G":"No","H":"2020-11-23T04:00:00.000Z","I":160},{"A":"Bob","B":"Found the one from the year earlier too, parker was a lot shorter","C":"Found the one from the\r\n\r\nyear earlier too, parker\r\n\r\nwas a lot shorter","D":"Bobalisious","E":"Yes","F":"Memes","G":"No","H":"2020-11-26T04:00:00.000Z","I":161},{"A":"Shane","B":"hank how about one 3.5 trrs for both in and out","C":"hank how about one\r\n\r\n3.5 trrs\r\n\r\nfor both in and out","D":"Shane - LoyalTim","E":"Yes","F":"General","G":"No","H":"2020-11-30T04:00:00.000Z","I":162},{"A":"Adam","B":"first amendment rights do not apply to private organizations","C":"first amendment rights\r\n\r\ndo not apply to private\r\n\r\norganizations","D":"🎄Band mom🎄","E":"Yes","F":"General","G":"No","H":"2020-12-08T04:00:00.000Z","I":163},{"A":"Jeremy","B":"Alright boys, that’s it. If you say it in haiku, it’s law forever.","C":"Alright boys, that’s it.\r\n\r\nIf you say it in haiku,\r\n\r\nit’s law forever.","D":"Jeremy ⛄","E":"No","F":"General","G":"No","H":"2020-12-08T04:00:00.000Z","I":164},{"A":"Sami","B":"abalabaloo gurgamungletoopelres rasmakinfaloo","C":"abalabaloo\r\n\r\ngurgamungletoopelres\r\n\r\nrasmakinfaloo","D":"🎄𝓐 𝓒𝓮𝓻𝓽𝓪𝓲𝓷 𝓕𝓮𝓼𝓽𝓲𝓿𝓲𝓼𝓽𝓲𝓬 𝓦𝓮𝓭𝓷𝓮𝓼𝓭𝓪𝔂","E":"No","F":"General","G":"No","H":"2020-12-08T04:00:00.000Z","I":165},{"A":"Adam","B":"they straight up put an anonymous letter from a nazi in there","C":"they straight up put an\r\n\r\nanonymous letter from\r\n\r\na nazi in there","D":"🎄Band mom🎄","E":"Yes","F":"Political","G":"No","H":"2020-12-11T04:00:00.000Z","I":166},{"A":"Adam","B":"i suppose that's not actually the bit about his nomination","C":"i suppose that's not\r\n\r\nactually the bit about\r\n\r\nhis nomination","D":"🎄Band mom🎄","E":"Yes","F":"Political","G":"No","H":"2020-12-11T04:00:00.000Z","I":167},{"A":"Bob","B":"little girls never forget the first time they get kissed by a lizard","C":"little girls never\r\n\r\nforget the first time they get\r\n\r\nkissed by a lizard","D":"Chrimbob","E":"Yes","F":"General","G":"No","H":"2020-12-13T04:00:00.000Z","I":168},{"A":"Jeremy","B":"It seems I fire it up once per year to make christmas presents lol","C":"It seems I fire\r\n\r\nit up once per year to make\r\n\r\nchristmas presents lol","D":"Jeremy ⛄","E":"Yes","F":"General","G":"No","H":"2020-12-20T04:00:00.000Z","I":169},{"A":"Bob","B":"~~incendiary mortars available at army surplus store?","C":"~~incendiary\r\n\r\nmortars available at\r\n\r\narmy surplus store?","D":"Chrimbob","E":"Yes","F":"Political","G":"No","H":"2020-12-23T04:00:00.000Z","I":170},{"A":"Bob","B":"@Poni why have you been playing minecraft for 20 hours straight","C":"@Poni why have\r\n\r\nyou been playing minecraft for\r\n\r\n20 hours straight","D":"Chrimbob","E":"Yes","F":"General","G":"No","H":"2020-12-29T04:00:00.000Z","I":171},{"A":"Andy","B":"because it's a bunch of buttons in visual studio C#","C":"because it's a bunch\r\n\r\nof buttons in visual\r\n\r\nstudio C#","D":"Andy","E":"Yes","F":"General","G":"No","H":"2020-12-30T04:00:00.000Z","I":172},{"A":"Andy","B":"So like when you press the button, under it a bunch of code happens","C":"So like when you press\r\n\r\nthe button, under it a\r\n\r\nbunch of code happens","D":"Andy","E":"Yes","F":"General","G":"No","H":"2020-12-30T04:00:00.000Z","I":173},{"A":"Bob","B":"7* but i think i fixed it now, maybe i can get SE to launch","C":"7* but i think\r\n\r\ni fixed it now, maybe i\r\n\r\ncan get SE to launch","D":"New Year's Bob","E":"Yes","F":"General","G":"No","H":"2020-12-30T04:00:00.000Z","I":174},{"A":"Sami","B":"did you just pull up a giant png of O R A N G","C":"did you just pull up\r\n\r\na giant png of\r\n\r\nO R A N G","D":"𝒜 𝒞𝑒𝓇𝓉𝒶𝒾𝓃 𝒩𝑒𝓌 𝒴𝑒𝒶𝓇𝒾𝒻𝒾𝒸 𝒲𝑒𝒹𝓃𝑒𝓈𝒹𝒶𝓎","E":"Yes","F":"General","G":"No","H":"2020-12-30T04:00:00.000Z","I":175},{"A":"Andy","B":"It lets you just just into the compound without sneaking in on foot","C":"It lets you just just\r\n\r\ninto the compound without\r\n\r\nsneaking in on foot","D":"Andy","E":"Yes","F":"General","G":"No","H":"2021-01-05T04:00:00.000Z","I":176},{"A":"Hank","B":"Unless there is a way to get it to better scale over treads","C":"Unless there is a\r\n\r\nway to get it to better\r\n\r\nscale over treads","D":"Hank","E":"Yes","F":"General","G":"No","H":"2021-01-06T04:00:00.000Z","I":177},{"A":"Shane","B":"do they have good in game vc or you all just a bunch of losers","C":"do they have good in\r\n\r\ngame vc or you all just\r\n\r\na bunch of losers","D":"Shane - LoyalTim","E":"Yes","F":"General","G":"No","H":"2021-01-07T04:00:00.000Z","I":178},{"A":"Evan","B":"@TF2 there are several rectangles who have yet to show up","C":"@TF2 there\r\n\r\nare several rectangles who\r\n\r\nhave yet to show up","D":"BluE","E":"Yes","F":"General","G":"No","H":"2021-01-15T04:00:00.000Z","I":179},{"A":"Andy","B":"Love it when I play videogames and a guy says the n word in chat","C":"Love it when I play\r\n\r\nvideogames and a guy says\r\n\r\nthe n word in chat","D":"Andy","E":"Yes","F":"General","G":"No","H":"2021-01-21T04:00:00.000Z","I":180},{"A":"Shane","B":"let's see if haiku bot thinks favorite has two or three syllables","C":"let's see if haiku\r\n\r\nbot thinks favorite has two\r\n\r\nor three syllables","D":"Shane - LoyalTim","E":"No","F":"General","G":"No","H":"2021-01-21T04:00:00.000Z","I":181},{"A":"Shane","B":"let's see if haiku bot thinks favorite has two or three syllables fill","C":"let's see if haiku\r\n\r\nbot thinks favorite has two or\r\n\r\nthree syllables fill","D":"Shane - LoyalTim","E":"No","F":"General","G":"No","H":"2021-01-22T04:00:00.000Z","I":182},{"A":"Sami","B":"idk how we making the server, that is up to one of yous","C":"idk how we\r\n\r\nmaking the server, that is\r\n\r\nup to one of yous","D":"𝔸 ℂ𝕖𝕣𝕥𝕒𝕚𝕟 𝕊𝕔𝕚𝕖𝕟𝕥𝕚𝕗𝕚𝕔 𝕎𝕖𝕕𝕟𝕖𝕤𝕕𝕒𝕪","E":"Yes","F":"Space Engineers","G":"No","H":"2021-01-23T04:00:00.000Z","I":183},{"A":"Marcus","B":"how much would those macs usually go for on the company auction","C":"how much would those macs\r\n\r\nusually go for on the\r\n\r\ncompany auction","D":"marcus?","E":"Yes","F":"Memes","G":"No","H":"2021-01-25T04:00:00.000Z","I":184},{"A":"Sami","B":"even if he cant find the thing itself, at least the grid remanents","C":"even if he cant\r\n\r\nfind the thing itself, at least\r\n\r\nthe grid remanents","D":"𝔸 ℂ𝕖𝕣𝕥𝕒𝕚𝕟 𝕊𝕔𝕚𝕖𝕟𝕥𝕚𝕗𝕚𝕔 𝕎𝕖𝕕𝕟𝕖𝕤𝕕𝕒𝕪","E":"Yes","F":"Space Engineers","G":"No","H":"2021-01-29T04:00:00.000Z","I":185},{"A":"Shane","B":"alright we're able to extract those without too much difficulty","C":"alright we're able\r\n\r\nto extract those without too\r\n\r\nmuch difficulty","D":"Shane - LoyalTim","E":"Yes","F":"Space Engineers","G":"No","H":"2021-02-02T04:00:00.000Z","I":186},{"A":"Shane","B":"i am no longer interested in jump drive, i need JUMO DRIVE","C":"i am no longer\r\n\r\ninterested in jump drive,\r\n\r\ni need JUMO DRIVE","D":"Shane - LoyalTim","E":"Yes","F":"Space Engineers","G":"No","H":"2021-02-02T04:00:00.000Z","I":187},{"A":"Ryan","B":"a a a a a a a a a a a a a a a a a","C":"a a a a a\r\n\r\na a a a a a a\r\n\r\na a a a a","D":"Ryan - 𓊃𓂋𓅓𓋴𓈖𓄿𓎡 𓁷𓂋𓏏𓈗𓈛 𓎛𓅓𓊃𓆌 𓊃𓀀𓏤","E":"No","F":"Space Engineers","G":"No","H":"2021-02-02T04:00:00.000Z","I":188},{"A":"Adam","B":"the hydro engines weren't actually active as far as i can tell","C":"the hydro engines\r\n\r\nweren't actually active as\r\n\r\nfar as i can tell","D":"Band mom","E":"Yes","F":"Space Engineers","G":"No","H":"2021-02-02T04:00:00.000Z","I":189},{"A":"James","B":"Had to much school work to do and I'm not convinced I like Prevo yet","C":"Had to much school work\r\n\r\nto do and I'm not convinced\r\n\r\nI like Prevo yet","D":"𝕵𝖆𝖌𝖊𝖗","E":"Yes","F":"General","G":"No","H":"2021-02-03T04:00:00.000Z","I":190},{"A":"Ryan","B":"only thing I might not be able to cook eggs in is the toaster","C":"only thing I might\r\n\r\nnot be able to cook eggs\r\n\r\nin is the toaster","D":"Ryan - 𓊃𓂋𓅓𓋴𓈖𓄿𓎡 𓁷𓂋𓏏𓈗𓈛 𓎛𓅓𓊃𓆌 𓊃𓀀𓏤","E":"Yes","F":"Memes","G":"No","H":"2021-02-04T04:00:00.000Z","I":191},{"A":"Caden","B":"An egg turning slow, like a chicken on a spit, over a toaster","C":"An egg turning slow,\r\n\r\nlike a chicken on a spit,\r\n\r\nover a toaster","D":"Normal Caden","E":"No","F":"Memes","G":"No","H":"2021-02-04T04:00:00.000Z","I":192},{"A":"Hank","B":"Cut off a side and weld a sheet to the top. We have an egg to cook","C":"Cut off a side and\r\n\r\nweld a sheet to the top. We\r\n\r\nhave an egg to cook","D":"Hank","E":"Yes","F":"General","G":"No","H":"2021-02-04T04:00:00.000Z","I":193},{"A":"Jeremy","B":"Oh that’s nice. I saw someone with binder clips and it looked kinda bad","C":"Oh that’s nice. I saw\r\n\r\nsomeone with binder clips and\r\n\r\nit looked kinda bad","D":"Jeremy","E":"Yes","F":"General","G":"No","H":"2021-02-12T04:00:00.000Z","I":194},{"A":"Shane","B":"How many pounds of bulk rice equals one vintage keyboard in value","C":"How many pounds of\r\n\r\nbulk rice equals one vintage\r\n\r\nkeyboard in value","D":"Shane - LoyalTim","E":"Yes","F":"General","G":"No","H":"2021-02-16T04:00:00.000Z","I":195},{"A":"Isaac","B":"got this game for my birthday can someone teach me how to play @here","C":"got this game for my\r\n\r\nbirthday can someone teach me\r\n\r\nhow to play @here","D":"Isaac","E":"Yes","F":"Factorio/Minecraft","G":"No","H":"2021-02-21T04:00:00.000Z","I":196},{"A":"James","B":"Who would win: Sami and Hank or a bunk bed armed with a cheese grater?","C":"Who would win: Sami\r\n\r\nand Hank or a bunk bed armed\r\n\r\nwith a cheese grater?","D":"𝕵𝖆𝖌𝖊𝖗","E":"Yes","F":"General","G":"Edited","H":"2021-02-22T04:00:00.000Z","I":197},{"A":"Hank","B":"For real. Subscribe to our paper. But there was no such thing as like it","C":"For real. Subscribe to\r\n\r\nour paper. But there was no\r\n\r\nsuch thing as like it","D":"Hank","E":"Yes","F":"Memes","G":"No","H":"2021-02-23T04:00:00.000Z","I":198},{"A":"Shane","B":"Luther is who made it so you had another option lol","C":"Luther is who made\r\n\r\nit so you had another\r\n\r\noption lol","D":"Shane - LoyalTim","E":"Yes","F":"General","G":"No","H":"2021-03-04T04:00:00.000Z","I":199},{"A":"Sami","B":"I am going to do a programming lab I procratinated","C":"I am going to\r\n\r\ndo a programming lab I\r\n\r\nprocratinated","D":"𝔸 ℂ𝕖𝕣𝕥𝕒𝕚𝕟 𝕊𝕔𝕚𝕖𝕟𝕥𝕚𝕗𝕚𝕔 𝕎𝕖𝕕𝕟𝕖𝕤𝕕𝕒𝕪","E":"Yes","F":"General","G":"No","H":"2021-03-08T04:00:00.000Z","I":200},{"A":"James","B":"Wow, crazy that we're nearly a quarter of the way to next Christmas.","C":"Wow, crazy that we're\r\n\r\nnearly a quarter of the\r\n\r\nway to next Christmas.","D":"𝕵𝖆𝖌𝖊𝖗","E":"Yes","F":"General","G":"No","H":"2021-03-09T04:00:00.000Z","I":201},{"A":"Sami","B":"think that is enough for now, got a bunch of art to make for these bois","C":"think that is enough\r\n\r\nfor now, got a bunch of art\r\n\r\nto make for these bois","D":"𝔸 ℂ𝕖𝕣𝕥𝕒𝕚𝕟 𝕊𝕔𝕚𝕖𝕟𝕥𝕚𝕗𝕚𝕔 𝕎𝕖𝕕𝕟𝕖𝕤𝕕𝕒𝕪","E":"Yes","F":"General","G":"No","H":"2021-03-13T04:00:00.000Z","I":202},{"A":"Daniel","B":"All I have to do is drive back to Apex and go up to Hanks house","C":"All I have to do\r\n\r\nis drive back to Apex and\r\n\r\ngo up to Hanks house","D":"College Student Daniel","E":"Yes","F":"Memes","G":"No","H":"2021-03-20T04:00:00.000Z","I":203},{"A":"Marcus","B":"might give it a shot cuz ive got nothing better to do lol","C":"might give it a shot\r\n\r\ncuz ive got nothing better\r\n\r\nto do lol","D":"marcus?","E":"Yes","F":"General","G":"No","H":"2021-03-24T04:00:00.000Z","I":204},{"A":"Jeremy","B":"Yeah you can fit a lot more bees than raccoons in the same size piñata","C":"Yeah you can fit a\r\n\r\nlot more bees than raccoons in\r\n\r\nthe same size piñata","D":"Jeremy","E":"Yes","F":"General","G":"No","H":"2021-03-25T04:00:00.000Z","I":205},{"A":"Daniel","B":"Also headed to campus for like thr first time in a year","C":"Also headed to\r\n\r\ncampus for like thr\r\n\r\nfirst time in a year","D":"College Student Daniel","E":"Yes","F":"General","G":"No","H":"2021-04-01T04:00:00.000Z","I":206},{"A":"Sami","B":"well just make your car have a parking pass. also why you going there","C":"well just make your car\r\n\r\nhave a parking pass. also\r\n\r\nwhy you going there","D":"ﬞ","E":"No","F":"General","G":"No","H":"2021-04-01T04:00:00.000Z","I":207},{"A":"Hank","B":"Only thing to note is if the string is super slick that hitch can slip","C":"Only thing to note\r\n\r\nis if the string is super\r\n\r\nslick that hitch can slip","D":"Hank","E":"Yes","F":"General","G":"No","H":"2021-04-01T04:00:00.000Z","I":208},{"A":"Andy","B":"Did homeboy there just do a 3 point turn in the middle of traffic","C":"Did homeboy there just\r\n\r\ndo a 3 point turn in the\r\n\r\nmiddle of traffic","D":"Andy","E":"Yes","F":"Memes","G":"No","H":"2021-04-14T04:00:00.000Z","I":209},{"A":"Ryan","B":"pump action? that would require a little more creativity","C":"pump action? that would\r\n\r\nrequire a little more\r\n\r\ncreativity","D":"b n u g e r","E":"Yes","F":"General","G":"No","H":"2021-04-16T04:00:00.000Z","I":210},{"A":"Ryan","B":"break action would be very straightforward. I will now speak in haiku","C":"break action would be\r\n\r\nvery straightforward. I will\r\n\r\nnow speak in haiku","D":"b n u g e r","E":"No","F":"General","G":"No","H":"2021-04-16T04:00:00.000Z","I":211},{"A":"Adam","B":"Imagine having multiple Nazi parties sects at your college","C":"Imagine having\r\n\r\nmultiple Nazi parties\r\n\r\nsects at your college","D":"Band mom","E":"Yes","F":"Memes","G":"No","H":"2021-04-21T04:00:00.000Z","I":212},{"A":"Andy","B":"The M1 chip can emulate an intel chip like what the fuck how","C":"The M1 chip can\r\n\r\nemulate an intel chip\r\n\r\nlike what the fuck how","D":"Andy","E":"Yes","F":"General","G":"No","H":"2021-04-26T04:00:00.000Z","I":213},{"A":"Daniel","B":"And people scoff when I say the triangle needs a metro system","C":"And people scoff when\r\n\r\nI say the triangle needs\r\n\r\na metro system","D":"College Student Daniel","E":"Yes","F":"General","G":"No","H":"2021-04-26T04:00:00.000Z","I":214},{"A":"James","B":"I mean if I'm not admitted to a cult that's fine too, lol","C":"I mean if I'm not\r\n\r\nadmitted to a cult that's\r\n\r\nfine too, lol","D":"𝕵𝖆𝖌𝖊𝖗","E":"Yes","F":"General","G":"No","H":"2021-05-03T04:00:00.000Z","I":215},{"A":"Jeremy","B":"It’s quite beautiful really. Chords are the same shape no matter the root","C":"It’s quite beautiful\r\n\r\nreally. Chords are the same shape\r\n\r\nno matter the root","D":"Jeremy","E":"Yes","F":"General","G":"No","H":"2021-05-05T04:00:00.000Z","I":216},{"A":"Sami","B":"I will join pirate, if people will be doing it, in 15 mins","C":"I will join pirate,\r\n\r\nif people will be doing\r\n\r\nit, in 15 mins","D":"ᴀ ᴄᴇʀᴛᴀɪɴ ꜱᴄɪᴇɴᴛɪꜰɪᴄ ᴡᴇᴅɴᴇꜱᴅᴀʏ","E":"Yes","F":"General","G":"No","H":"2021-05-05T04:00:00.000Z","I":217},{"A":"Hank","B":"On the way to pick up sierra on Friday we ran into hail","C":"On the way to pick\r\n\r\nup sierra on Friday we\r\n\r\nran into hail","D":"Hank","E":"Yes","F":"General","G":"No","H":"2021-05-09T04:00:00.000Z","I":218},{"A":"Adam","B":"Idk, ask the marine biologist, they know about water","C":"Idk, ask the\r\n\r\nmarine biologist, they\r\n\r\nknow about water","D":"Band mom","E":"Yes","F":"General","G":"No","H":"2021-05-09T04:00:00.000Z","I":219},{"A":"Adam","B":"Yeah pretty sure the admiral polished his brain really well that day","C":"Yeah pretty sure the\r\n\r\nadmiral polished his brain\r\n\r\nreally well that day","D":"Band mom","E":"Yes","F":"Memes","G":"No","H":"2021-05-09T04:00:00.000Z","I":220},{"A":"Marcus","B":"One of my cousins used to live in Ohio and said it sucks ass","C":"One of my cousins\r\n\r\nused to live in Ohio\r\n\r\nand said it sucks ass","D":"b u n g e r","E":"Yes","F":"General","G":"No","H":"2021-05-27T04:00:00.000Z","I":221},{"A":"Daniel","B":"what do you boys think about me upgrading me PC with these parts","C":"what do you boys think\r\n\r\nabout me upgrading me\r\n\r\nPC with these parts","D":"College Student Daniel","E":"Yes","F":"General","G":"No","H":"2021-05-30T04:00:00.000Z","I":222},{"A":"Hank","B":"I actually have an eatx case and want to do a build in it","C":"I actually\r\n\r\nhave an eatx case and want to\r\n\r\ndo a build in it","D":"Hank","E":"Yes","F":"General","G":"No","H":"2021-05-31T04:00:00.000Z","I":223},{"A":"Hank","B":"Or more accurate a better monitor to become my main one","C":"Or more accurate\r\n\r\na better monitor to\r\n\r\nbecome my main one","D":"Hank","E":"Yes","F":"General","G":"No","H":"2021-06-08T04:00:00.000Z","I":224},{"A":"Ryan","B":"ok so did you just turn off the firewall to your whole ass house","C":"ok so did you\r\n\r\njust turn off the firewall\r\n\r\nto your whole ass house","D":"b n u g e r","E":"Yes","F":"General","G":"No","H":"2021-06-12T04:00:00.000Z","I":225},{"A":"Bob","B":"get some sandpaper and just peel it all off like a watermelon","C":"get some sandpaper\r\n\r\nand just peel it all off like\r\n\r\na watermelon","D":"Bobalisious","E":"Yes","F":"General","G":"No","H":"2021-06-15T04:00:00.000Z","I":226},{"A":"Joseph","B":"I need to get one because I’m the treasurer for GCCR.","C":"I need to get one\r\n\r\nbecause I’m the treasurer\r\n\r\nfor GCCR.","D":"Raccoon Jose","E":"Yes","F":"General","G":"No","H":"2021-06-17T04:00:00.000Z","I":227},{"A":"Shane","B":"@Department of Anti-Weeb Actions i have a report to make","C":"@Department of\r\n\r\nAnti-Weeb Actions i have\r\n\r\na report to make","D":"Shane - LoyalTim","E":"Yes","F":"Bot Commands","G":"No","H":"2021-06-18T04:00:00.000Z","I":228},{"A":"Sami","B":"Mice skating, you ride on a platform of mice with tiny ice skates on","C":"Mice skating, you ride\r\n\r\non a platform of mice with\r\n\r\ntiny ice skates on","D":"𝘼 𝘾𝙚𝙧𝙩𝙖𝙞𝙣 𝙎𝙘𝙞𝙚𝙣𝙩𝙞𝙛𝙞𝙘 𝙒𝙚𝙙𝙣𝙚𝙨𝙙𝙖𝙮","E":"Yes","F":"General","G":"No","H":"2021-06-21T04:00:00.000Z","I":229},{"A":"Hank","B":"@College Student Daniel @Department of Anti-Weeb Actions","C":"@College Student\r\n\r\nDaniel @Department of\r\n\r\nAnti-Weeb Actions","D":"Hank","E":"Yes","F":"General","G":"No","H":"2021-06-23T04:00:00.000Z","I":230},{"A":"Sami","B":"It won't stop me from backing in when it is the non parking tag times","C":"It won't stop me from\r\n\r\nbacking in when it is the\r\n\r\nnon parking tag times","D":"𝘼 𝘾𝙚𝙧𝙩𝙖𝙞𝙣 𝙎𝙘𝙞𝙚𝙣𝙩𝙞𝙛𝙞𝙘 𝙒𝙚𝙙𝙣𝙚𝙨𝙙𝙖𝙮","E":"Yes","F":"General","G":"No","H":"2021-07-02T04:00:00.000Z","I":231},{"A":"Sami","B":"he just misses how in boone cookout was a few mins from everywhere","C":"he just misses how\r\n\r\nin boone cookout was a few\r\n\r\nmins from everywhere","D":"𝘼 𝘾𝙚𝙧𝙩𝙖𝙞𝙣 𝙎𝙘𝙞𝙚𝙣𝙩𝙞𝙛𝙞𝙘 𝙒𝙚𝙙𝙣𝙚𝙨𝙙𝙖𝙮","E":"Yes","F":"General","G":"No","H":"2021-07-04T04:00:00.000Z","I":232},{"A":"Bob","B":"i wonder if theres a way to get the bots to speak to eachother","C":"i wonder if theres\r\n\r\na way to get the bots to\r\n\r\nspeak to eachother","D":"Bobalisious","E":"No","F":"General","G":"No","H":"2021-07-04T04:00:00.000Z","I":233},{"A":"Bob","B":"you gullible fool, you have fallen for my trap, it was on purpose","C":"you gullible fool,\r\n\r\nyou have fallen for my trap,\r\n\r\nit was on purpose","D":"Bobalisious","E":"No","F":"General","G":"No","H":"2021-07-04T04:00:00.000Z","I":234},{"A":"Hank","B":"Obviously it is obviously not as there is confusion","C":"Obviously it\r\n\r\nis obviously not as\r\n\r\nthere is confusion","D":"Hank","E":"Yes","F":"General","G":"No","H":"2021-07-07T04:00:00.000Z","I":235},{"A":"Jeremy","B":"Does it make more work for you if we just keep on making more haikus?","C":"Does it make more work\r\n\r\nfor you if we just keep on\r\n\r\nmaking more haikus?","D":"Jeremy","E":"No","F":"General","G":"No","H":"2021-07-07T04:00:00.000Z","I":236},{"A":"Bob","B":"as a hooligan i propose no more spreadsheets, only use word docs","C":"as a hooligan\r\n\r\ni propose no more spreadsheets,\r\n\r\nonly use word docs","D":"Bobalisious","E":"No","F":"General","G":"No","H":"2021-07-07T04:00:00.000Z","I":237},{"A":"Jeremy","B":"Boy I sure do hope I don’t accidentally do more before then","C":"Boy I sure do hope\r\n\r\nI don’t accidentally\r\n\r\ndo more before then","D":"Jeremy","E":"No","F":"General","G":"No","H":"2021-07-07T04:00:00.000Z","I":238},{"A":"Bob","B":"osmanthus wine tastes the same as i remember, but where are those who","C":"osmanthus wine tastes\r\n\r\nthe same as i remember,\r\n\r\nbut where are those who","D":"Bobalisious","E":"No","F":"General","G":"No","H":"2021-07-07T04:00:00.000Z","I":239},{"A":"Bob","B":"an alligator is not a good thermo snack, but they sure are nice","C":"an alligator\r\n\r\nis not a good thermo snack,\r\n\r\nbut they sure are nice","D":"Bobalisious","E":"No","F":"General","G":"No","H":"2021-07-07T04:00:00.000Z","I":240},{"A":"Jeremy","B":"Updates on its own: the best way to track haikus. Get coding Sami","C":"Updates on its own:\r\n\r\nthe best way to track haikus.\r\n\r\nGet coding Sami","D":"Jeremy","E":"No","F":"General","G":"No","H":"2021-07-07T04:00:00.000Z","I":241},{"A":"Jeremy","B":"One small incentive to automate the task soon: they’ll just keep coming","C":"One small incentive\r\n\r\nto automate the task soon:\r\n\r\nthey’ll just keep coming","D":"Jeremy","E":"No","F":"General","G":"No","H":"2021-07-07T04:00:00.000Z","I":242},{"A":"Jeremy","B":"Oh come on, says who? You can’t know they’re on purpose. This is how I talk.","C":"Oh come on, says who?\r\n\r\nYou can’t know they’re on purpose.\r\n\r\nThis is how I talk.","D":"Jeremy","E":"No","F":"General","G":"No","H":"2021-07-07T04:00:00.000Z","I":243},{"A":"Sami","B":"that is making the purity go down, what would you call it instead","C":"that is making the\r\n\r\npurity go down, what would\r\n\r\nyou call it instead","D":"ᴬ ᶜᵉʳᵗᵃⁱⁿ ˢᶜⁱᵉⁿᵗⁱᶠⁱᶜ ᵂᵉᵈⁿᵉˢᵈᵃʸ","E":"Yes","F":"General","G":"No","H":"2021-07-07T04:00:00.000Z","I":244}],"Accidental":[{"A":"Person","B":"Count - Accident","C":"Count - All","D":"Haiku Purity","F":"Channel","G":"Count - Accident","H":"Count - All","I":"Haiku Purity","K":"Date","L":"Count - Accident","M":"Count - All","N":"Haiku Purity"},{"A":"Hank","B":39,"C":41,"D":0.9512195121951219,"F":"General","G":142,"H":169,"I":0.8402366863905325,"K":"2020-10-19T04:00:00.000Z","L":7,"M":7,"N":1},{"A":"Sami","B":27,"C":36,"D":0.75,"F":"Memes","G":28,"H":30,"I":0.9333333333333333,"K":"2020-04-24T04:00:00.000Z","L":5,"M":5,"N":1},{"A":"Adam","B":24,"C":26,"D":0.9230769230769231,"F":"Factorio/Minecraft","G":15,"H":16,"I":0.9375,"K":"2020-04-22T04:00:00.000Z","L":4,"M":4,"N":1},{"A":"Andy","B":19,"C":19,"D":1,"F":"Car Stuff","G":5,"H":5,"I":1,"K":"2020-12-30T04:00:00.000Z","L":4,"M":4,"N":1},{"A":"Marcus","B":17,"C":17,"D":1,"F":"Space Engineers","G":5,"H":6,"I":0.8333333333333334,"K":"2020-08-18T04:00:00.000Z","L":3,"M":3,"N":1},{"A":"Bob","B":15,"C":21,"D":0.7142857142857143,"F":"Cool Things Sale","G":4,"H":4,"I":1,"K":"2020-09-24T04:00:00.000Z","L":3,"M":3,"N":1},{"A":"Joseph","B":15,"C":17,"D":0.8823529411764706,"F":"Trick or Treat","G":4,"H":4,"I":1,"K":"2021-05-09T04:00:00.000Z","L":3,"M":3,"N":1},{"A":"Shane","B":12,"C":16,"D":0.75,"F":"Political","G":3,"H":3,"I":1,"K":"2021-02-02T04:00:00.000Z","L":3,"M":4,"N":0.75},{"A":"Daniel","B":10,"C":10,"D":1,"F":"TF2 RP","G":2,"H":2,"I":1,"K":"2019-04-19T04:00:00.000Z","L":2,"M":2,"N":1},{"A":"Jeremy","B":9,"C":17,"D":0.5294117647058824,"F":"2020 Holidays","G":1,"H":1,"I":1,"K":"2019-04-22T04:00:00.000Z","L":2,"M":2,"N":1},{"A":"James","B":8,"C":8,"D":1,"F":"Bot Commands","G":1,"H":6,"I":0.16666666666666666,"K":"2019-07-26T04:00:00.000Z","L":2,"M":2,"N":1},{"A":"Evan","B":4,"C":4,"D":1,"K":"2019-10-11T04:00:00.000Z","L":2,"M":2,"N":1},{"A":"Ryan","B":3,"C":5,"D":0.6,"K":"2020-01-01T04:00:00.000Z","L":2,"M":2,"N":1},{"A":"Parker","B":3,"C":3,"D":1,"K":"2020-03-10T04:00:00.000Z","L":2,"M":2,"N":1},{"A":"Yoat","B":2,"C":2,"D":1,"K":"2020-03-13T04:00:00.000Z","L":2,"M":2,"N":1},{"A":"Caden","B":1,"C":2,"D":0.5,"K":"2020-05-09T04:00:00.000Z","L":2,"M":2,"N":1},{"A":"KrafterJack","B":1,"C":1,"D":1,"K":"2020-05-14T04:00:00.000Z","L":2,"M":2,"N":1},{"A":"Isaac","B":1,"C":1,"D":1,"K":"2020-05-22T04:00:00.000Z","L":2,"M":2,"N":1},{"K":"2020-06-24T04:00:00.000Z","L":2,"M":2,"N":1},{"K":"2020-09-01T04:00:00.000Z","L":2,"M":2,"N":1},{"K":"2020-09-18T04:00:00.000Z","L":2,"M":2,"N":1},{"K":"2020-09-25T04:00:00.000Z","L":2,"M":2,"N":1},{"K":"2020-10-14T04:00:00.000Z","L":2,"M":2,"N":1},{"K":"2020-10-16T04:00:00.000Z","L":2,"M":2,"N":1},{"K":"2020-11-03T04:00:00.000Z","L":2,"M":2,"N":1},{"K":"2020-11-08T04:00:00.000Z","L":2,"M":2,"N":1},{"K":"2020-12-11T04:00:00.000Z","L":2,"M":2,"N":1},{"K":"2021-04-26T04:00:00.000Z","L":2,"M":2,"N":1},{"K":"2021-05-05T04:00:00.000Z","L":2,"M":2,"N":1},{"K":"2020-06-10T04:00:00.000Z","L":2,"M":3,"N":0.6666666666666666},{"K":"2021-02-04T04:00:00.000Z","L":2,"M":3,"N":0.6666666666666666},{"K":"2021-04-01T04:00:00.000Z","L":2,"M":3,"N":0.6666666666666666},{"K":"2020-09-16T04:00:00.000Z","L":2,"M":4,"N":0.5},{"K":"2021-07-07T04:00:00.000Z","L":2,"M":10,"N":0.2},{"K":"2019-04-12T04:00:00.000Z","L":1,"M":1,"N":1},{"K":"2019-04-25T04:00:00.000Z","L":1,"M":1,"N":1},{"K":"2019-04-26T04:00:00.000Z","L":1,"M":1,"N":1},{"K":"2019-04-27T04:00:00.000Z","L":1,"M":1,"N":1},{"K":"2019-05-02T04:00:00.000Z","L":1,"M":1,"N":1},{"K":"2019-05-06T04:00:00.000Z","L":1,"M":1,"N":1},{"K":"2019-05-19T04:00:00.000Z","L":1,"M":1,"N":1},{"K":"2019-06-03T04:00:00.000Z","L":1,"M":1,"N":1},{"K":"2019-06-06T04:00:00.000Z","L":1,"M":1,"N":1},{"K":"2019-06-07T04:00:00.000Z","L":1,"M":1,"N":1},{"K":"2019-06-28T04:00:00.000Z","L":1,"M":1,"N":1},{"K":"2019-08-05T04:00:00.000Z","L":1,"M":1,"N":1},{"K":"2019-08-09T04:00:00.000Z","L":1,"M":1,"N":1},{"K":"2019-08-11T04:00:00.000Z","L":1,"M":1,"N":1},{"K":"2019-08-16T04:00:00.000Z","L":1,"M":1,"N":1},{"K":"2019-08-24T04:00:00.000Z","L":1,"M":1,"N":1},{"K":"2019-09-16T04:00:00.000Z","L":1,"M":1,"N":1},{"K":"2019-09-29T04:00:00.000Z","L":1,"M":1,"N":1},{"K":"2019-10-16T04:00:00.000Z","L":1,"M":1,"N":1},{"K":"2019-10-18T04:00:00.000Z","L":1,"M":1,"N":1},{"K":"2019-10-21T04:00:00.000Z","L":1,"M":1,"N":1},{"K":"2019-11-01T04:00:00.000Z","L":1,"M":1,"N":1},{"K":"2019-11-11T04:00:00.000Z","L":1,"M":1,"N":1},{"K":"2019-11-25T04:00:00.000Z","L":1,"M":1,"N":1},{"K":"2019-12-05T04:00:00.000Z","L":1,"M":1,"N":1},{"K":"2019-12-16T04:00:00.000Z","L":1,"M":1,"N":1},{"K":"2019-12-20T04:00:00.000Z","L":1,"M":1,"N":1},{"K":"2019-12-26T04:00:00.000Z","L":1,"M":1,"N":1},{"K":"2019-12-27T04:00:00.000Z","L":1,"M":1,"N":1},{"K":"2019-12-29T04:00:00.000Z","L":1,"M":1,"N":1},{"K":"2020-01-02T04:00:00.000Z","L":1,"M":1,"N":1},{"K":"2020-01-05T04:00:00.000Z","L":1,"M":1,"N":1},{"K":"2020-01-11T04:00:00.000Z","L":1,"M":1,"N":1},{"K":"2020-01-23T04:00:00.000Z","L":1,"M":1,"N":1},{"K":"2020-01-26T04:00:00.000Z","L":1,"M":1,"N":1},{"K":"2020-02-02T04:00:00.000Z","L":1,"M":1,"N":1},{"K":"2020-02-10T04:00:00.000Z","L":1,"M":1,"N":1},{"K":"2020-02-12T04:00:00.000Z","L":1,"M":1,"N":1},{"K":"2020-02-25T04:00:00.000Z","L":1,"M":1,"N":1},{"K":"2020-03-03T04:00:00.000Z","L":1,"M":1,"N":1},{"K":"2020-03-15T04:00:00.000Z","L":1,"M":1,"N":1},{"K":"2020-03-17T04:00:00.000Z","L":1,"M":1,"N":1},{"K":"2020-03-24T04:00:00.000Z","L":1,"M":1,"N":1},{"K":"2020-03-27T04:00:00.000Z","L":1,"M":1,"N":1},{"K":"2020-03-29T04:00:00.000Z","L":1,"M":1,"N":1},{"K":"2020-04-07T04:00:00.000Z","L":1,"M":1,"N":1},{"K":"2020-04-19T04:00:00.000Z","L":1,"M":1,"N":1},{"K":"2020-04-23T04:00:00.000Z","L":1,"M":1,"N":1},{"K":"2020-04-28T04:00:00.000Z","L":1,"M":1,"N":1},{"K":"2020-04-29T04:00:00.000Z","L":1,"M":1,"N":1},{"K":"2020-05-04T04:00:00.000Z","L":1,"M":1,"N":1},{"K":"2020-05-06T04:00:00.000Z","L":1,"M":1,"N":1},{"K":"2020-05-13T04:00:00.000Z","L":1,"M":1,"N":1},{"K":"2020-05-15T04:00:00.000Z","L":1,"M":1,"N":1},{"K":"2020-05-19T04:00:00.000Z","L":1,"M":1,"N":1},{"K":"2020-05-25T04:00:00.000Z","L":1,"M":1,"N":1},{"K":"2020-05-29T04:00:00.000Z","L":1,"M":1,"N":1},{"K":"2020-05-31T04:00:00.000Z","L":1,"M":1,"N":1},{"K":"2020-06-05T04:00:00.000Z","L":1,"M":1,"N":1},{"K":"2020-06-14T04:00:00.000Z","L":1,"M":1,"N":1},{"K":"2020-06-21T04:00:00.000Z","L":1,"M":1,"N":1},{"K":"2020-06-28T04:00:00.000Z","L":1,"M":1,"N":1},{"K":"2020-07-01T04:00:00.000Z","L":1,"M":1,"N":1},{"K":"2020-07-12T04:00:00.000Z","L":1,"M":1,"N":1},{"K":"2020-07-24T04:00:00.000Z","L":1,"M":1,"N":1},{"K":"2020-07-26T04:00:00.000Z","L":1,"M":1,"N":1},{"K":"2020-07-30T04:00:00.000Z","L":1,"M":1,"N":1},{"K":"2020-08-12T04:00:00.000Z","L":1,"M":1,"N":1},{"K":"2020-08-16T04:00:00.000Z","L":1,"M":1,"N":1},{"K":"2020-08-17T04:00:00.000Z","L":1,"M":1,"N":1},{"K":"2020-08-22T04:00:00.000Z","L":1,"M":1,"N":1},{"K":"2020-09-09T04:00:00.000Z","L":1,"M":1,"N":1},{"K":"2020-09-22T04:00:00.000Z","L":1,"M":1,"N":1},{"K":"2020-10-02T04:00:00.000Z","L":1,"M":1,"N":1},{"K":"2020-10-05T04:00:00.000Z","L":1,"M":1,"N":1},{"K":"2020-10-07T04:00:00.000Z","L":1,"M":1,"N":1},{"K":"2020-10-26T04:00:00.000Z","L":1,"M":1,"N":1},{"K":"2020-11-05T04:00:00.000Z","L":1,"M":1,"N":1},{"K":"2020-11-16T04:00:00.000Z","L":1,"M":1,"N":1},{"K":"2020-11-23T04:00:00.000Z","L":1,"M":1,"N":1},{"K":"2020-11-26T04:00:00.000Z","L":1,"M":1,"N":1},{"K":"2020-11-30T04:00:00.000Z","L":1,"M":1,"N":1},{"K":"2020-12-13T04:00:00.000Z","L":1,"M":1,"N":1},{"K":"2020-12-20T04:00:00.000Z","L":1,"M":1,"N":1},{"K":"2020-12-23T04:00:00.000Z","L":1,"M":1,"N":1},{"K":"2020-12-29T04:00:00.000Z","L":1,"M":1,"N":1},{"K":"2021-01-05T04:00:00.000Z","L":1,"M":1,"N":1},{"K":"2021-01-06T04:00:00.000Z","L":1,"M":1,"N":1},{"K":"2021-01-07T04:00:00.000Z","L":1,"M":1,"N":1},{"K":"2021-01-15T04:00:00.000Z","L":1,"M":1,"N":1},{"K":"2021-01-23T04:00:00.000Z","L":1,"M":1,"N":1},{"K":"2021-01-25T04:00:00.000Z","L":1,"M":1,"N":1},{"K":"2021-01-29T04:00:00.000Z","L":1,"M":1,"N":1},{"K":"2021-02-03T04:00:00.000Z","L":1,"M":1,"N":1},{"K":"2021-02-12T04:00:00.000Z","L":1,"M":1,"N":1},{"K":"2021-02-16T04:00:00.000Z","L":1,"M":1,"N":1},{"K":"2021-02-21T04:00:00.000Z","L":1,"M":1,"N":1},{"K":"2021-02-22T04:00:00.000Z","L":1,"M":1,"N":1},{"K":"2021-02-23T04:00:00.000Z","L":1,"M":1,"N":1},{"K":"2021-03-04T04:00:00.000Z","L":1,"M":1,"N":1},{"K":"2021-03-08T04:00:00.000Z","L":1,"M":1,"N":1},{"K":"2021-03-09T04:00:00.000Z","L":1,"M":1,"N":1},{"K":"2021-03-13T04:00:00.000Z","L":1,"M":1,"N":1},{"K":"2021-03-20T04:00:00.000Z","L":1,"M":1,"N":1},{"K":"2021-03-24T04:00:00.000Z","L":1,"M":1,"N":1},{"K":"2021-03-25T04:00:00.000Z","L":1,"M":1,"N":1},{"K":"2021-04-14T04:00:00.000Z","L":1,"M":1,"N":1},{"K":"2021-04-21T04:00:00.000Z","L":1,"M":1,"N":1},{"K":"2021-05-03T04:00:00.000Z","L":1,"M":1,"N":1},{"K":"2021-05-27T04:00:00.000Z","L":1,"M":1,"N":1},{"K":"2021-05-30T04:00:00.000Z","L":1,"M":1,"N":1},{"K":"2021-05-31T04:00:00.000Z","L":1,"M":1,"N":1},{"K":"2021-06-08T04:00:00.000Z","L":1,"M":1,"N":1},{"K":"2021-06-12T04:00:00.000Z","L":1,"M":1,"N":1},{"K":"2021-06-15T04:00:00.000Z","L":1,"M":1,"N":1},{"K":"2021-06-17T04:00:00.000Z","L":1,"M":1,"N":1},{"K":"2021-06-18T04:00:00.000Z","L":1,"M":1,"N":1},{"K":"2021-06-21T04:00:00.000Z","L":1,"M":1,"N":1},{"K":"2021-06-23T04:00:00.000Z","L":1,"M":1,"N":1},{"K":"2021-07-02T04:00:00.000Z","L":1,"M":1,"N":1},{"K":"2019-04-07T04:00:00.000Z","L":1,"M":2,"N":0.5},{"K":"2020-02-03T04:00:00.000Z","L":1,"M":2,"N":0.5},{"K":"2021-01-21T04:00:00.000Z","L":1,"M":2,"N":0.5},{"K":"2021-04-16T04:00:00.000Z","L":1,"M":2,"N":0.5},{"K":"2020-12-08T04:00:00.000Z","L":1,"M":3,"N":0.3333333333333333},{"K":"2021-07-04T04:00:00.000Z","L":1,"M":3,"N":0.3333333333333333},{"K":"2019-03-28T04:00:00.000Z","L":0,"M":8,"N":0},{"K":"2020-02-21T04:00:00.000Z","L":0,"M":2,"N":0},{"K":"2019-09-13T04:00:00.000Z","L":0,"M":1,"N":0},{"K":"2020-06-13T04:00:00.000Z","L":0,"M":1,"N":0},{"K":"2020-08-20T04:00:00.000Z","L":0,"M":1,"N":0},{"K":"2021-01-22T04:00:00.000Z","L":0,"M":1,"N":0}],"Sheet2":[{"A":"Boop bloop beep Bleep Beep\r\nBleep boop Beep bloop Boop Beep Beep\r\nBleep bleep bloop bleep bleep","B":"March 28 2019","C":"Sept. 14 2019","D":"May 21 2021"},{"A":"Testing Bot Stuff","B":"2 2 2021"},{"A":"𝕵𝖆̈𝖌𝖊𝖗"},{"A":"𝕵𝖆𝖌𝖊𝖗"},{"A":"𝕵𝖆𝖌𝖊𝖗"},{"A":"𝕵𝖆𝖌𝖊𝖗"},{"A":"𝕵𝖆𝖌𝖊𝖗"},{"A":"𝕵𝖆𝖌𝖊𝖗"},{"A":"𝕵𝖆𝖌𝖊𝖗"},{"A":"𝕵𝖆𝖌𝖊𝖗"}]}