{
    "christmas": {
      "name": [
        "christmas",
        "xmas",
        "festive time"
      ],
      "safename" : "Christmas",
      "mode": 0,
      "month": 12,
      "day": 25
    },
    "thanksgiving": {
      "name": [
        "thanksgiving",
        "turkey day"
      ],
      "safename" : "Thanksgiving",
      "mode": 1,
      "month": 11,
      "week": 4,
      "dayofweek": 4
    },
    "st patrick": {
      "name": [
        "st patrick"
      ],
      "safename" : "St Patrick's Day",
      "mode": 0,
      "month": 3,
      "day": 17
    },
    "halloween": {
      "name": [
        "halloween",
        "spook day"
      ],
      "safename" : "Halloween",
      "mode": 0,
      "month": 10,
      "day": 31
    },
    "bean": {
      "name": [
        "bean day",
        "day of bean"
      ],
      "safename" : "Bean Day",
      "mode": 0,
      "month": 1,
      "day": 6
    },
    "new year": {
      "name": [
        "new year",
        "next year"
      ],
      "safename" : "New Year",
      "mode": 0,
      "month": 1,
      "day": 1
    },
    "summer solstice": {
      "name": [
        "summer solstice"
      ],
      "safename" : "Summer Solstice",
      "mode": 0,
      "month": 6,
      "day": 21
    },
    "winter solstice": {
      "name": [
        "winter solstice"
      ],
      "safename" : "Winter Solstice",
      "mode": 0,
      "month": 12,
      "day": 21
    },
    "valentine": {
      "name": [
        "valentine",
        "love day"
      ],
      "safename" : "Valentine's Day",
      "mode": 0,
      "month": 2,
      "day": 14
    },
    "pi": {
      "name": [
        "pi day",
        "π day",
        "pie day",
        "piday"
      ],
      "safename" : "Pi Day",
      "mode": 0,
      "month": 3,
      "day": 14
    },
    "fools": {
      "name": [
        "april fools"
      ],
      "safename" : "April Fools Day",
      "mode": 0,
      "month": 4,
      "day": 1
    },
    "july4": {
      "name": [
        "july 4th",
        "4th july",
        "fourth of july",
        "4th of july",
        "july fourth",
        "7/4",
        "July 4"
      ],
      "safename" : "Fourth of July",
      "mode": 0,
      "month": 7,
      "day": 4
    },
    "bastille": {
      "name": [
        "bastille"
      ],
      "safename" : "Bastille Day",
      "mode": 0,
      "month": 7,
      "day": 14
    },
    "cinco": {
      "name": [
        "cinco de mayo",
        "5 de mayo",
        "5th de mayo",
        "5th of may",
        "sinko the mayo"
      ],
      "safename" : "Cinco de Mayo",
      "mode": 0,
      "month": 5,
      "day": 5
    },
    "easter": {
      "name": [
        "easter",
        "bunny day"
      ],
      "safename" : "Easter",
      "mode": 3
    },
    "friday13": {
      "name": [
        "friday the 13th",
        "friday the thirteenth",
        "fri 13",
        "spooky friday"
      ],
      "safename" : "Friday the 13th",
      "mode": 2,
      "day": 13,
      "dayofweek": 5
    },
    "birthday": {
      "mode": -1,
      "name": [
        "birthday",
        "bday"
      ],
      "safename" : "Birthday",
      "sub": {
        "sami": {
          "name": [
            "sami"
          ],
          "safename" : "Sami's",
          "mode": 0,
          "month": 3,
          "day": 8
        },
        "joseph": {
          "name": [
            "joseph",
            "jose",
            "lugunga",
            "guppy"
          ],
          "safename" : "Joseph's",
          "mode": 0,
          "month": 3,
          "day": 8
        },
        "adam": {
          "name": [
            "adam",
            "best anime",
            "band mom"
          ],
          "safename" : "Adam's",
          "mode": 0,
          "month": 3,
          "day": 11
        },
        "hank": {
          "name": [
            "hank",
            "keyboard boy",
            "tank anime",
            "truck boy"
          ],
          "safename" : "Hank's",
          "mode": 0,
          "month": 2,
          "day": 15
        },
        "caden": {
          "name": [
            "caden",
            "cto caden",
            "messi"
          ],
          "safename" : "Caden's",
          "mode": 0,
          "month": 2,
          "day": 15
        },
        "daniel": {
          "name": [
            "daniel",
            "mr. tuesday",
            "mr tuesday",
            "squeaky clarinet",
            "copy pasta",
            "manual daniel",
            "control c",
            "control v",
            "ctrl c",
            "ctrl v"
          ],
          "safename" : "Daniel's",
          "mode": 0,
          "month": 3,
          "day": 16
        },
        "marcus": {
          "name": [
            "marcus"
          ],
          "safename" : "Marcus's",
          "mode": 0,
          "month": 6,
          "day": 3
        },
        "james": {
          "name": [
            "james"
          ],
          "safename" : "James's",
          "mode": 0,
          "month": 1,
          "day": 26
        },
        "isaac": {
          "name": [
            "isaac"
          ],
          "safename" : "Isaac's",
          "mode": 0,
          "month": 2,
          "day": 20
        },
        "jeremy": {
          "name": [
            "jeremy"
          ],
          "safename" : "Jeremy's",
          "mode": 0,
          "month": 10,
          "day": 27
        },
        "bob": {
          "name": [
            "bob",
            "robert"
          ],
          "safename" : "Bob's",
          "mode": 0,
          "month": 8,
          "day": 7
        },
        "ryan": {
          "name": [
            "ryan",
            "𓊃𓂋𓅓𓋴𓈖𓄿𓎡 𓁷𓂋𓏏𓈗𓈛 𓎛𓅓𓊃𓆌 𓊃𓀀𓏤",
            "bruh"
          ],
          "safename" : "Ryan's",
          "mode": 0,
          "month": 10,
          "day": 6
        },
        "shane": {
          "name": [
            "shane"
          ],
          "safename" : "Shane's",
          "mode": 0,
          "month": 0,
          "day": 0
        },
        "parker": {
          "name": [
            "parker"
          ],
          "safename" : "Parker's",
          "mode": 0,
          "month": 1,
          "day": 31
        },
        "matt": {
          "name": [
            "matt",
            "mat"
          ],
          "safename" : "Matt's",
          "mode": 0,
          "month": 0,
          "day": 0
        }
      }
    },
    "dst": {
      "name": [
        "daylightsavings",
        "daylightsavings time",
        "daylight savings",
        "daylight savings time",
        "day light savings",
        "day light savings time",
        "dst"
      ],
      "safename" : "Daylight Savings Time",
      "mode": -1,
      "sub": {
        "begins": {
          "name": [
            "begins",
            "starts",
            "start"
          ],
          "safename" : "Start of",
          "mode": 1,
          "month": 3,
          "week": 2,
          "dayofweek": 7
        },
        "ends": {
          "name": [
            "ends",
            "end",
            "finishes",
            "is done"
          ],
          "safename" : "End of",
          "mode": 1,
          "month": 11,
          "week": 1,
          "dayofweek": 7
        }
      }
    }
  }